,0,1
0,A,0.0057704198366090005
1,AA,0.0
2,AAC,
3,AAL,0.0
4,AAME,0.0
5,AAN,0.0
6,AAOI,0.0
7,AAON,0.004928047913039001
8,AAP,0.006010283990522
9,AAPL,0.006298679285007
10,AAT,0.033689761642147
11,AAWW,0.0
12,AAXN,0.0
13,ABBV,0.045270539795719
14,ABC,0.016147426355341003
15,ABCB,0.012522288179513001
16,ABEO,0.0
17,ABG,0.0
18,ABIO,0.0
19,ABM,0.01736637315601
20,ABMD,0.0
21,ABR,0.073121592994678
22,ABT,0.012369168160677001
23,ABTX,0.010723931420732
24,AC,0.005481355376202
25,ACA,0.003057446130033
26,ACAD,0.0
27,ACBI,0.0
28,ACC,0.04314803155694601
29,ACCO,0.030825802565643004
30,ACER,0.0
31,ACGL,0.0
32,ACHC,0.0
33,ACHN,
34,ACHV,0.0
35,ACIA,0.0
36,ACIW,0.0
37,ACLS,0.0
38,ACM,0.0
39,ACMR,0.0
40,ACN,0.013144188243001
41,ACNB,0.027353725404598003
42,ACOR,0.0
43,ACRE,0.089997914712688
44,ACRS,0.0
45,ACRX,0.0
46,ACTG,0.0
47,ACU,0.014387624057521002
48,ACY,0.0
49,ADBE,0.0
50,ADC,0.040595026442650006
51,ADES,0.0
52,ADI,0.015031320203479002
53,ADM,0.025561171352078003
54,ADMA,0.0
55,ADMP,0.0
56,ADMS,0.0
57,ADNT,0.0
58,ADP,0.021431566680995003
59,ADRO,
60,ADS,0.009675694784554
61,ADSK,0.0
62,ADSW,
63,ADT,0.014375840332762001
64,ADTN,0.022133483575187
65,ADUS,0.0
66,ADVM,0.0
67,ADXS,0.0
68,AE,0.033430863305766
69,AEE,0.027472260484635
70,AEGN,0.0
71,AEHR,0.0
72,AEIS,0.000921658999908
73,AEL,0.011149825534754
74,AEMD,0.0
75,AEO,0.005508814221964
76,AEP,0.03595742297191
77,AERI,0.0
78,AES,0.020281769112405
79,AEY,0.0
80,AFG,0.017217934510691
81,AFH,
82,AFI,0.0
83,AFIN,0.08289472728426801
84,AFL,0.024215743192282
85,AGCO,0.005152041801588
86,AGE,0.0
87,AGEN,0.0
88,AGFS,0.0
89,AGIO,0.0
90,AGLE,0.0
91,AGM,0.037862149176975
92,AGN,
93,AGNC,0.088557217425277
94,AGO,0.020035265979798003
95,AGR,0.039209918911878
96,AGRX,0.0
97,AGS,0.0
98,AGTC,0.0
99,AGX,0.02019676184987
100,AGYS,0.0
101,AHC,0.085132273070426
102,AHH,0.034601573464585006
103,AHT,0.0
104,AIG,0.029639820259182003
105,AIMC,0.005393362422074
106,AIMT,0.0
107,AIN,0.009605569956419
108,AINC,0.0
109,AIR,0.0018459267285310002
110,AIRG,0.0
111,AIRI,0.0
112,AIRT,0.0
113,AIT,0.015352480966998
114,AIV,0.044625952231577004
115,AIZ,0.020813286590365
116,AJG,0.014885781325417001
117,AJRD,0.0
118,AJX,0.048162817773002006
119,AKAM,0.0
120,AKBA,0.0
121,AKCA,0.0
122,AKER,0.0
123,AKR,0.015769439459235
124,AKRX,
125,AKS,
126,AKTS,0.0
127,AL,0.013477089688504001
128,ALB,0.009810475813806
129,ALBO,0.0
130,ALCO,0.015090672383452
131,ALDR,
132,ALDX,0.0
133,ALE,0.037861369523313
134,ALEC,0.0
135,ALEX,0.010772438207056001
136,ALG,0.003393955720762
137,ALGN,0.0
138,ALGT,0.0028835062946080004
139,ALIM,0.0
140,ALJJ,0.0
141,ALK,0.0
142,ALKS,0.0
143,ALL,0.020709478491387
144,ALLE,0.011682980242495
145,ALLK,0.0
146,ALLO,0.0
147,ALLY,0.017588960245881
148,ALNA,0.0
149,ALNY,0.0
150,ALOT,0.006283662504310001
151,ALPN,0.0
152,ALRM,0.0
153,ALSK,0.0
154,ALSN,0.022601931742227
155,ALT,0.0
156,ALTM,0.0
157,ALTR,0.0
158,ALV,0.006630306970039
159,ALX,0.06661348403436601
160,ALXN,0.0
161,AM,0.143354200969184
162,AMAG,
163,AMAL,0.01941165653531
164,AMAT,0.0055078831987350006
165,AMBC,0.0
166,AMC,0.0052631577770960005
167,AMCR,0.039884023004071005
168,AMCX,0.0
169,AMD,0.0
170,AME,0.005941953992265001
171,AMED,0.0
172,AMEH,0.0
173,AMG,0.00021055775925700001
174,AMGN,0.028022983842750003
175,AMH,0.006367104933124
176,AMKR,0.0016899017698410001
177,AMN,0.0
178,AMNB,0.036056605586557
179,AMOT,0.002610311085541
180,AMP,0.018377568150353
181,AMPE,0.0
182,AMPH,0.0
183,AMR,0.0
184,AMRB,0.01374209462876
185,AMRC,0.0
186,AMRK,0.0
187,AMRS,0.0
188,AMRX,0.0
189,AMS,0.0
190,AMSC,0.0
191,AMSF,0.017664451338196
192,AMSWA,0.021989833122134
193,AMT,0.019863958649681
194,AMTD,
195,AMTX,0.0
196,AMWD,0.0
197,AMZN,0.0
198,AN,0.0
199,ANAB,0.0
200,ANAT,0.017936245212178
201,ANDE,0.026956445130944
202,ANET,0.0
203,ANF,0.007429420615907001
204,ANGI,0.0
205,ANGO,0.0
206,ANH,0.07018588804475401
207,ANIK,0.0
208,ANIP,0.0
209,ANIX,0.0
210,ANSS,0.0
211,ANTM,0.012821304411434002
212,AOBC,
213,AON,0.005942517753355
214,AOS,0.016648219997561
215,AOSL,0.0
216,AP,0.0
217,APA,0.008289592947365
218,APAM,0.056236047933015
219,APD,0.020162633340741
220,APDN,0.0
221,APEI,0.0
222,APEN,0.0
223,APEX,0.0
224,APH,0.005636858773526001
225,APLE,0.006954103024347001
226,APLS,0.0
227,APOG,0.020231580776126003
228,APPF,0.0
229,APPN,0.0
230,APPS,0.0
231,APRN,0.0
232,APT,0.0
233,APTS,0.09468393361603401
234,APTV,0.0
235,APVO,0.0
236,APY,
237,APYX,0.0
238,AQ,
239,AQB,0.0
240,AQMS,0.0
241,AQUA,0.0
242,AR,0.0
243,ARA,0.0
244,ARAV,0.0
245,ARAY,0.0
246,ARC,0.007793852892479001
247,ARCB,0.005732632329348001
248,ARCH,0.010080645161290001
249,ARCI,
250,ARDX,0.0
251,ARE,0.025265235344701
252,ARES,0.030652619921799
253,AREX,
254,ARGO,0.027247099688142002
255,ARI,0.106789883350362
256,ARKR,0.013262599469496001
257,ARL,0.0
258,ARLO,0.0
259,ARMK,0.011545248988233002
260,ARMP,0.0
261,ARNA,0.0
262,ARNC,0.0
263,AROC,0.055652431252371
264,AROW,0.031950901062221
265,ARPO,0.0
266,ARQL,
267,ARR,0.08517347953048701
268,ARTNA,0.026267013514922003
269,ARTW,0.0
270,ARTX,
271,ARVN,0.0
272,ARW,0.0
273,ARWR,0.0
274,ASB,0.036084866377606
275,ASFI,
276,ASGN,0.0
277,ASH,0.012543562425876
278,ASIX,0.0
279,ASMB,0.0
280,ASNA,
281,ASPN,0.0
282,ASPS,0.0
283,ASPU,0.0
284,ASRT,0.0
285,ASRV,0.018879373459167
286,ASTC,0.0
287,ASTE,0.006795534687795
288,ASUR,0.0
289,ASYS,0.0
290,ATEC,0.0
291,ATEN,0.0
292,ATEX,0.0
293,ATGE,0.0
294,ATH,0.0
295,ATHX,0.0
296,ATI,0.0
297,ATKR,0.0
298,ATLC,0.0
299,ATLO,0.043695847360427004
300,ATNI,0.015050048273151002
301,ATNM,0.0
302,ATNX,0.0
303,ATO,0.025490910329037
304,ATOS,0.0
305,ATR,0.010843451748584
306,ATRA,0.0
307,ATRC,0.0
308,ATRI,0.010449078944039
309,ATRO,0.0
310,ATRS,0.0
311,ATSG,0.0
312,ATU,
313,ATUS,0.0
314,ATVI,0.004067460281981
315,AUB,0.027113097354366
316,AUBN,0.025728542447928
317,AUMN,0.0
318,AUTO,0.0
319,AVA,0.041924792665101004
320,AVAV,0.0
321,AVB,0.035179775877656
322,AVD,0.002093944827126
323,AVEO,0.0
324,AVGO,0.026893687904303003
325,AVGR,0.0
326,AVID,0.0
327,AVLR,0.0
328,AVNS,0.0
329,AVNW,0.0
330,AVP,
331,AVRO,0.0
332,AVT,0.021646860420918002
333,AVTR,0.0
334,AVX,
335,AVXL,0.0
336,AVY,0.009828509320517001
337,AVYA,0.0
338,AWI,0.010318714039865002
339,AWK,0.013971085618037001
340,AWR,0.016698103120128
341,AWRE,0.0
342,AWSM,
343,AX,0.0
344,AXAS,0.0
345,AXDX,0.0
346,AXE,
347,AXGN,0.0
348,AXL,0.0
349,AXNX,0.0
350,AXP,0.012983072206938001
351,AXR,0.0
352,AXS,0.033209220478964005
353,AXSM,0.0
354,AXTA,0.0
355,AXTI,0.0
356,AYI,0.004266024132812
357,AYR,
358,AYX,0.0
359,AZO,0.0
360,AZPN,0.0
361,AZZ,0.013435725881549001
362,B,0.012590575351955001
363,BA,0.0
364,BAC,0.020641295571352
365,BAH,0.016421764959239003
366,BANC,0.012480041880008001
367,BAND,0.0
368,BANF,0.019971103112252
369,BANR,0.031408666934328006
370,BAS,
371,BASI,0.0
372,BATRA,0.0
373,BATRK,0.0
374,BAX,0.012121533302188
375,BBBY,0.006422365008996
376,BBCP,0.0
377,BBGI,0.017301038320089
378,BBSI,0.016636673580395
379,BBT,
380,BBW,0.0
381,BBY,0.018488941022606002
382,BC,0.007822223527917001
383,BCBP,0.042049316289187004
384,BCC,0.007556372099125
385,BCEI,0.0
386,BCLI,0.0
387,BCO,0.008212252883774
388,BCOR,0.0
389,BCOV,0.0
390,BCPC,0.0050632909935460005
391,BCRH,
392,BCRX,0.0
393,BDC,0.004437341322869001
394,BDGE,0.029108780048538
395,BDL,0.012062193144691001
396,BDN,0.06278849437985501
397,BDSI,0.0
398,BDX,0.012863477750334001
399,BE,0.0
400,BEAT,0.0
401,BECN,0.0
402,BELFA,0.015653796104615002
403,BELFB,0.018091638099775
404,BEN,0.038909589487344
405,BERY,0.0
406,BFAM,0.0
407,BFIN,0.041329054947513
408,BFS,0.058953710993078
409,BFST,0.013458879359601002
410,BG,0.025876882563025002
411,BGCP,0.035029375861651
412,BGFV,0.016171107611609
413,BGG,
414,BGS,0.059695209659697004
415,BGSF,0.021964240670994003
416,BH,0.0
417,BHB,0.034395600660569
418,BHE,0.022149458256791002
419,BHF,0.0
420,BHGE,
421,BHLB,0.02370796911783
422,BHR,0.0
423,BHVN,0.0
424,BID,
425,BIG,0.018531655648926
426,BIIB,0.0
427,BIO,0.0
428,BIOC,0.0
429,BIOL,0.0
430,BIOS,
431,BJ,0.0
432,BJRI,0.0024842345735070002
433,BK,0.02894928782357
434,BKD,0.0
435,BKE,0.015077053824564
436,BKH,0.035383883513662
437,BKI,0.0
438,BKJ,
439,BKNG,0.0
440,BKSC,0.035957892619068
441,BKTI,0.017721507765298003
442,BKU,0.022360867703979003
443,BL,0.0
444,BLBD,0.0
445,BLCM,0.0
446,BLD,0.0
447,BLDR,0.0
448,BLFS,0.0
449,BLK,0.020275804144444
450,BLKB,0.0016554007079290002
451,BLL,0.006613859744241
452,BLMN,0.008054772572703001
453,BLUE,0.0
454,BMCH,0.0
455,BMI,0.006579618408661001
456,BMRC,0.024644709005774004
457,BMRN,0.0
458,BMTC,0.029128703137426003
459,BMY,0.030021403523939002
460,BNED,0.0
461,BNFT,0.0
462,BNZZW,
463,BOCH,0.019830944074036003
464,BOH,0.029639446135606002
465,BOKF,0.024030650070393
466,BOLD,
467,BOMN,0.0
468,BOOM,0.0019409937888190002
469,BOOT,0.0
470,BOTJ,0.018847897915013002
471,BOX,0.0
472,BPFH,0.020685776845274003
473,BPMC,0.0
474,BPMX,
475,BPOP,0.024704970978634003
476,BPRN,0.015946211433937003
477,BPTH,0.0
478,BR,0.014822641544706002
479,BRC,0.017022843361439003
480,BREW,
481,BRG,0.056271860762048
482,BRID,0.0
483,BRKL,0.032906284333728004
484,BRKR,0.002541235203043
485,BRKS,0.004618229610985
486,BRN,0.0
487,BRO,0.005738752830998
488,BRT,0.053996388707774005
489,BRX,0.025377245978497002
490,BRY,0.025917925986563003
491,BSET,0.025407682418317003
492,BSGM,0.0
493,BSQR,0.0
494,BSRR,0.032868453396113
495,BSTC,0.0
496,BSX,0.0
497,BTN,0.0
498,BTU,0.0
499,BURG,
500,BURL,0.0
501,BUSE,0.038758604036188006
502,BV,0.0
503,BVSN,
504,BW,0.0
505,BWA,0.015507874635932001
506,BWB,0.0
507,BWEN,0.0
508,BWFG,0.023814894140897002
509,BWXT,0.012906187541408001
510,BXC,0.0
511,BXMT,0.083690059283668
512,BXP,0.04179725148005
513,BXS,0.024454341548464
514,BY,0.009511517144817001
515,BYD,0.0
516,BYFC,0.0
517,BYND,0.0
518,BZH,0.0
519,C,0.030551518192209002
520,CABO,0.004777697614621
521,CAC,0.032598819798295
522,CACC,0.0
523,CACI,0.0
524,CADE,0.011992192805142
525,CAG,0.028303928691879
526,CAH,0.036755024159581005
527,CAI,0.011070191431175
528,CAKE,0.00682464482095
529,CAL,0.017947997929252002
530,CALA,0.0
531,CALM,0.0
532,CALX,0.0
533,CAMP,0.0
534,CAPR,0.0
535,CAR,0.0
536,CARA,0.0
537,CARB,
538,CARE,0.0
539,CARG,0.0
540,CARO,
541,CARS,0.0
542,CART,
543,CASA,0.0
544,CASH,0.004583953600104
545,CASI,0.0
546,CASS,0.024960689298291
547,CASY,0.006206004712112001
548,CAT,0.019531627715535002
549,CATB,0.0
550,CATC,0.020435030953764
551,CATM,0.0
552,CATO,0.026785715350082003
553,CATS,
554,CATY,0.031596980910723
555,CB,0.018602561381517002
556,CBAN,0.027357661817373
557,CBAY,0.0
558,CBB,0.0
559,CBFV,0.060776474165379006
560,CBIO,0.0
561,CBL,
562,CBLI,0.0
563,CBLK,
564,CBM,
565,CBMG,0.0
566,CBOE,0.023669396113612
567,CBPX,
568,CBRE,0.0
569,CBRL,0.008482870814461
570,CBS,
571,CBSH,0.013992421737026
572,CBT,0.027757005057042
573,CBTX,0.014321356125042001
574,CBU,0.023473883644257003
575,CBZ,0.0
576,CC,0.037774698938195
577,CCBG,0.023043074220736003
578,CCF,0.00724900337007
579,CCI,0.029393780191071
580,CCK,0.0
581,CCL,0.0
582,CCMP,0.007792588476392001
583,CCNE,0.028182902246688003
584,CCO,0.0
585,CCOI,0.045873725487234
586,CCRN,0.0
587,CCS,0.0
588,CCXI,0.0
589,CDAY,0.0
590,CDE,0.0
591,CDEV,0.0
592,CDK,0.011751246747782001
593,CDLX,0.0
594,CDMO,0.0
595,CDNA,0.0
596,CDNS,0.0
597,CDR,0.0070974973092820005
598,CDTX,0.0
599,CDW,0.009534191595732001
600,CDXC,0.0
601,CDXS,0.0
602,CDZI,0.0
603,CE,0.018633806999667
604,CECE,0.0
605,CECO,
606,CEI,0.0
607,CEIX,0.0
608,CELC,0.0
609,CELG,
610,CELH,0.0
611,CEMI,0.0
612,CENT,0.0
613,CENTA,0.0
614,CENX,0.0
615,CERC,0.0
616,CERN,0.010579635054379
617,CERS,0.0
618,CETV,
619,CETX,0.0
620,CEVA,0.0
621,CF,0.025902413413043
622,CFBK,0.0031304248054150005
623,CFFI,0.034338213968279005
624,CFFN,0.025630794004971
625,CFG,0.036018630690382004
626,CFMS,0.0
627,CFR,0.027112191968186
628,CFX,0.0
629,CGIX,0.0
630,CGNX,0.0025028415211120003
631,CHAP,
632,CHCI,0.0
633,CHCO,0.030365983108361003
634,CHCT,0.026882380696248
635,CHD,0.011889328006057001
636,CHDN,0.0028418695071000004
637,CHE,0.002711031532025
638,CHEF,0.0
639,CHGG,0.0
640,CHH,0.002025384769462
641,CHK,0.0
642,CHMA,0.0
643,CHMG,0.028694194780008002
644,CHMI,0.11887813623215
645,CHRS,0.0
646,CHRW,0.022288200744699
647,CHS,0.032608696947927
648,CHSP,
649,CHTR,0.0
650,CHUY,0.0
651,CI,0.00019582884121100002
652,CIA,0.0
653,CIDM,0.0
654,CIEN,0.0
655,CIM,0.11550287373789501
656,CINF,0.024636503915981003
657,CIO,0.057637987510442
658,CIR,0.0
659,CISN,
660,CIT,0.029292232562616004
661,CIVB,0.022984673518586
662,CIX,0.027521806564575
663,CIZN,0.035353534921186
664,CJ,
665,CKH,0.0
666,CKX,0.0
667,CL,0.022607766398106
668,CLAR,0.0028037811089980003
669,CLB,0.0011394968016410002
670,CLBK,0.0
671,CLBS,0.0
672,CLCT,0.0
673,CLDR,0.0
674,CLDT,0.008681925761953
675,CLDX,0.0
676,CLF,0.0035252643160330003
677,CLFD,0.0
678,CLGX,0.009825161202776002
679,CLH,0.0
680,CLI,0.028782549195860003
681,CLIR,0.0
682,CLNC,0.023277895116368002
683,CLNE,0.0
684,CLNY,0.019713261541927003
685,CLPR,0.048798710434976
686,CLR,0.0
687,CLRB,0.0
688,CLRO,0.0
689,CLSN,0.0
690,CLUB,
691,CLVS,0.0
692,CLW,0.0
693,CLX,0.023291373488112003
694,CLXT,0.0
695,CMA,0.039855111720356
696,CMC,0.020267201564261
697,CMCO,0.00499271467523
698,CMCSA,0.017528090709903
699,CMCT,0.024180902170798
700,CMD,0.0
701,CME,0.017065865405998002
702,CMG,0.0
703,CMI,0.021383938514097003
704,CMO,0.10179703361860701
705,CMP,0.043869004028041
706,CMRX,0.0
707,CMS,0.029304591596074
708,CMT,0.0
709,CMTL,0.013960196044510001
710,CNA,0.033416580941294
711,CNAT,
712,CNBKA,0.007000518986685001
713,CNC,0.0
714,CNCE,0.0
715,CNDT,0.0
716,CNFR,0.0
717,CNK,0.016491067993821003
718,CNMD,0.0065658398810720005
719,CNNE,0.0
720,CNO,0.019529926026763
721,CNOB,0.015528749599716
722,CNP,0.028174802755867003
723,CNR,0.0
724,CNS,0.023337803174783
725,CNSL,0.0
726,CNTY,0.0
727,CNX,0.0
728,CNXN,0.006075564701869001
729,CODA,0.0
730,COF,0.008353429585084001
731,COG,0.021373497574183
732,COHN,0.0
733,COHR,0.0
734,COHU,0.001288383050437
735,COKE,0.00376960375531
736,COLB,0.024904299944519002
737,COLD,0.022640268272170003
738,COLL,0.0
739,COLM,0.002514749883579
740,COMM,0.0
741,CONE,0.029298686352057002
742,CONN,0.0
743,COO,0.000154430153127
744,COOP,0.0
745,COP,0.034576227412097
746,COR,0.039649156385852
747,CORE,0.019545517941075
748,CORR,0.024712562911709
749,CORT,0.0
750,COST,0.0077185056846640005
751,COTY,0.0
752,COUP,0.0
753,COWN,0.005498317591382001
754,CPB,0.030320919753022
755,CPE,0.0
756,CPF,0.041618687231237
757,CPHC,0.0
758,CPIX,0.0
759,CPK,0.016707488150825
760,CPLG,0.024330900605867
761,CPRI,0.0
762,CPRT,0.0
763,CPRX,0.0
764,CPS,0.0
765,CPSH,0.0
766,CPSI,0.006733981069933
767,CPSS,0.0
768,CPST,0.0
769,CPT,0.031160831177222
770,CR,0.020099961710070002
771,CRAI,0.016608435085381002
772,CRAY,
773,CRBP,0.0
774,CRC,0.0
775,CRCM,
776,CREE,0.0
777,CRI,0.006483682989430001
778,CRIS,0.0
779,CRK,0.0
780,CRL,0.0
781,CRM,0.0
782,CRMD,0.0
783,CRMT,0.0
784,CRNX,0.0
785,CROX,0.0
786,CRR,
787,CRS,0.020604073700123002
788,CRTX,0.0
789,CRUS,0.0
790,CRVL,0.0
791,CRVS,0.0
792,CRWS,0.031225891029425003
793,CRY,0.0
794,CRZO,
795,CSCO,0.031130017532750003
796,CSFL,
797,CSGP,0.0
798,CSGS,0.020273798064443002
799,CSII,0.0
800,CSL,0.013720360886329
801,CSLT,0.0
802,CSOD,0.0
803,CSPI,0.016322089876002
804,CSS,
805,CSTR,0.00936512407103
806,CSU,0.0
807,CSV,0.010472401838861
808,CSWI,0.004102533147739
809,CSX,0.011240297572864
810,CTAS,0.010346621250279001
811,CTB,0.009553018847201
812,CTBI,0.03819947332027
813,CTG,0.0
814,CTHR,0.0
815,CTIB,0.0
816,CTIC,0.0
817,CTL,
818,CTLT,0.0
819,CTMX,0.0
820,CTO,0.013106398489980001
821,CTRA,0.0
822,CTRC,
823,CTRE,0.044384754162001
824,CTRN,0.001068233385122
825,CTS,0.004966461930617
826,CTSH,0.012166567719417001
827,CTSO,0.0
828,CTT,0.048425737740983
829,CTVA,0.011361737119424
830,CTWS,
831,CTXS,0.010488756109264
832,CUB,0.003884994500794
833,CUBE,0.035933045021057
834,CUBI,0.0
835,CUE,0.0
836,CUI,
837,CULP,0.024555058661485003
838,CUO,
839,CUR,
840,CURO,0.014167985526738001
841,CUTR,0.0
842,CUZ,0.035716609609523005
843,CVA,0.033747638170064
844,CVBF,0.033563481451642
845,CVCO,0.0
846,CVCY,0.025889452895142002
847,CVET,0.0
848,CVGI,0.0
849,CVGW,0.015276301489879001
850,CVI,0.051678473092592006
851,CVIA,
852,CVLT,0.0
853,CVLY,0.029131084281568003
854,CVM,0.0
855,CVNA,0.0
856,CVR,0.019541928519448002
857,CVRS,
858,CVS,0.028086612607821002
859,CVTI,
860,CVU,0.0
861,CVV,0.0
862,CVX,0.053283091656381
863,CW,0.004337679985299
864,CWBC,0.020393994508297
865,CWBR,0.0
866,CWEN,0.032677635073649
867,CWH,0.012781802943353002
868,CWST,0.0
869,CWT,0.014747205717070002
870,CXO,0.01212016019638
871,CXP,0.059503808850881
872,CXW,0.061196105370766
873,CY,
874,CYAN,0.0
875,CYBE,0.0
876,CYCC,0.0
877,CYCN,0.0
878,CYH,0.0
879,CYRX,0.0
880,CYTK,0.0
881,CYTR,0.0
882,CZNC,0.050998909288202006
883,CZR,0.0
884,CZWI,0.020087336608936003
885,D,0.047727708950531
886,DAIO,0.0
887,DAKT,0.009380863179185
888,DAL,0.0
889,DAN,0.004488330407994
890,DAR,0.0
891,DARE,0.0
892,DAVE,
893,DBD,0.0
894,DBI,0.008156606973092001
895,DBX,0.0
896,DCI,0.01368549525594
897,DCO,0.0
898,DCOM,0.033775834205304
899,DCPH,0.0
900,DD,0.017062772184291003
901,DDD,0.0
902,DDS,0.007621774719947001
903,DE,0.009164930690916001
904,DEA,0.047032990734824004
905,DECK,0.0
906,DEI,0.039135017324322
907,DELL,0.0
908,DENN,0.0
909,DERM,
910,DEST,
911,DF,
912,DFIN,0.0
913,DFRG,
914,DFS,0.013918246547497001
915,DG,0.007143209237347001
916,DGICA,0.042185761973246
917,DGII,0.0
918,DGLY,0.0
919,DGX,0.018718913136051
920,DHI,0.009450215085602
921,DHIL,0.08350730688935201
922,DHR,0.0031095519782870003
923,DHX,0.0
924,DIN,0.009353846036470001
925,DIOD,0.0
926,DIS,0.0
927,DISCA,0.0
928,DISCK,0.0
929,DISH,0.0
930,DIT,0.004812516530926
931,DJCO,0.0
932,DK,0.038086575253422
933,DKS,0.016597286387799
934,DLA,0.0
935,DLB,0.009347730404209
936,DLHC,0.0
937,DLPH,
938,DLR,0.032428105569632
939,DLTH,0.0
940,DLTR,0.0
941,DLX,0.030006176820395
942,DMRC,0.0
943,DNBF,
944,DNKN,0.0
945,DNLI,0.0
946,DNOW,0.0
947,DNR,
948,DO,
949,DOC,0.051827180685642
950,DOCU,0.0
951,DOMO,0.0
952,DOOR,0.0
953,DORM,0.0
954,DOV,0.016010939540971002
955,DOVA,
956,DOW,0.045388579874313
957,DPLO,
958,DPZ,0.008373927516565
959,DRAD,0.0
960,DRE,0.023695465626267002
961,DRH,0.0
962,DRI,0.004992775544088
963,DRNA,0.0
964,DRQ,0.0
965,DRRX,0.0
966,DS,0.0
967,DSKE,0.0
968,DSPG,0.0
969,DSS,0.0
970,DTE,0.033856216512610005
971,DUK,0.042757509060388006
972,DVA,0.0
973,DVAX,0.0
974,DVD,0.029535865104651
975,DVN,0.019707667421083
976,DWSN,0.0
977,DX,0.08213606520780001
978,DXC,0.008136380993548001
979,DXCM,0.0
980,DXLG,0.0
981,DXPE,0.0
982,DXYN,0.0
983,DY,0.0
984,DYAI,0.0
985,DZSI,0.0
986,EA,0.001164782471998
987,EAF,0.009198733346176
988,EARN,0.08820918425743801
989,EAT,0.005305039721228
990,EB,0.0
991,EBAY,0.010277320175771001
992,EBF,0.044925042233200006
993,EBIX,0.005888600235341
994,EBMT,0.01836349374876
995,EBS,0.0
996,EBSB,0.018879493566944003
997,EBTC,0.018398549844061002
998,ECHO,0.0
999,ECL,0.009052759620953001
1000,ECOL,0.0
1001,ECOM,0.0
1002,ECPG,0.0
1003,ED,0.044706033633821
1004,EDIT,0.0
1005,EDUC,0.016763232355621
1006,EE,
1007,EEFT,0.0
1008,EEI,
1009,EEX,0.0
1010,EFC,0.073013874704764
1011,EFOI,0.0
1012,EFSC,0.017624031844506
1013,EFX,0.010994731110087001
1014,EGAN,0.0
1015,EGBN,0.018252771281017002
1016,EGHT,0.0
1017,EGLE,0.0
1018,EGOV,0.010184461477624
1019,EGP,0.021732310260317002
1020,EGRX,0.0
1021,EGY,0.0
1022,EHC,0.010351268126981
1023,EHTH,0.0
1024,EIDX,0.0
1025,EIG,0.030142304627157
1026,EIGI,0.0
1027,EIGR,0.0
1028,EIX,0.045852016499887
1029,EKSO,0.0
1030,EL,0.005214183266351
1031,ELAN,0.0
1032,ELF,0.0
1033,ELGX,
1034,ELMD,0.0
1035,ELOX,0.0
1036,ELS,0.021845401821416
1037,ELSE,0.0
1038,ELVT,0.0
1039,ELY,0.00035587187816600005
1040,EMAN,0.0
1041,EMCF,0.044094456883649005
1042,EMCI,
1043,EME,0.004003971241632
1044,EMKR,0.0
1045,EML,0.016851493123878
1046,EMMS,0.0
1047,EMN,0.023582956731687
1048,EMR,0.023299282531835
1049,ENDP,0.0
1050,ENFC,
1051,ENG,0.0
1052,ENOB,0.0
1053,ENPH,0.0
1054,ENR,0.027007291206645002
1055,ENS,0.0076379591496640005
1056,ENSG,0.002417973611951
1057,ENSV,0.0
1058,ENT,
1059,ENTA,0.0
1060,ENTG,0.0030270507039320002
1061,ENV,0.0
1062,ENVA,0.0
1063,ENZ,0.0
1064,EOG,0.023719054596359
1065,EOLS,0.0
1066,EPAM,0.0
1067,EPAY,0.0
1068,EPC,0.004683109770854
1069,EPM,0.051204840350856005
1070,EPR,0.025974572559252004
1071,EPRT,0.039645105083552006
1072,EPZM,0.0
1073,EQBK,0.0
1074,EQC,0.0
1075,EQH,0.022754720341334002
1076,EQIX,0.015558226702341001
1077,EQR,0.035415489686091005
1078,EQT,0.0
1079,ERA,
1080,ERI,
1081,ERIE,0.015169465565381
1082,ERII,0.0
1083,ES,0.027584000904753003
1084,ESBK,0.043766118361638004
1085,ESCA,0.030929609135185002
1086,ESE,0.003036659851005
1087,ESGR,0.0
1088,ESI,0.0028280543407830003
1089,ESNT,0.014385224120472
1090,ESP,0.050319225856104
1091,ESPR,0.0
1092,ESQ,0.0
1093,ESRT,0.021075915747743
1094,ESS,0.031056884632591004
1095,ESSA,0.028069093759919003
1096,ESTC,0.0
1097,ESTE,0.0
1098,ESXB,0.028338868604554004
1099,ETFC,
1100,ETH,0.026478462171437
1101,ETM,0.0031948881075020003
1102,ETN,0.022596239334543
1103,ETR,0.039792377706285006
1104,ETRN,0.077891708577385
1105,ETSY,0.0
1106,EV,0.019624685599953
1107,EVBG,0.0
1108,EVBN,0.038847151390465004
1109,EVC,0.036238213528229
1110,EVER,0.0
1111,EVFM,0.0
1112,EVH,0.0
1113,EVI,0.0
1114,EVOK,0.0
1115,EVOL,0.0
1116,EVOP,0.0
1117,EVR,0.014446144275489
1118,EVRG,0.03727470087878
1119,EVRI,0.0
1120,EVTC,0.004034673004716
1121,EW,0.0
1122,EWBC,0.016516496959751003
1123,EXAS,0.0
1124,EXC,0.027474651191777003
1125,EXEL,0.0
1126,EXLS,0.0
1127,EXP,0.0007970668060740001
1128,EXPD,0.011097607489609002
1129,EXPE,0.0021394412507940003
1130,EXPI,0.0
1131,EXPO,0.007920468240945
1132,EXPR,0.0
1133,EXR,0.029717221417116003
1134,EXTN,0.0
1135,EXTR,0.0
1136,EYE,0.0
1137,EYEG,0.0
1138,EYES,0.0
1139,EYPT,0.0
1140,EZPW,0.0
1141,F,0.0
1142,FAF,0.030902335878625002
1143,FANG,0.022530920642403002
1144,FARM,0.0
1145,FARO,0.0
1146,FAST,0.021498363056441
1147,FATE,0.0
1148,FB,0.0
1149,FBC,0.003315908281906
1150,FBHS,0.010916354030164001
1151,FBIO,0.0
1152,FBIZ,0.030715732487035
1153,FBK,0.009341009187583
1154,FBM,0.0
1155,FBMS,0.013657044740178
1156,FBNC,0.018230855032732002
1157,FBP,0.019061098243470003
1158,FBSS,0.024799677921381002
1159,FC,0.0
1160,FCAP,0.018588622444315
1161,FCBC,0.039710633808548
1162,FCBP,0.049150756555629005
1163,FCCO,0.027714294156361
1164,FCCY,0.020445132445347
1165,FCEL,0.0
1166,FCF,0.033101145604001
1167,FCFS,0.017080006677678002
1168,FCN,0.0
1169,FCNCA,0.002182954910292
1170,FCPT,0.04431149905626
1171,FCSC,
1172,FCX,0.0
1173,FDBC,0.020752917657177003
1174,FDEF,
1175,FDP,0.011795683111747
1176,FDS,0.038279819648768004
1177,FDX,0.010166726101084001
1178,FE,0.044973595795604004
1179,FEIM,0.0
1180,FELE,0.008661795356334
1181,FET,0.0
1182,FEYE,0.0
1183,FF,0.014503527600187001
1184,FFBC,0.040948969644785005
1185,FFG,0.034691511817964
1186,FFIC,0.040489129568974006
1187,FFIN,0.011601644128080001
1188,FFIV,0.0
1189,FFNW,0.030678712217978004
1190,FFWM,0.016540637105376
1191,FG,
1192,FGBI,0.037037754849934004
1193,FGEN,0.0
1194,FHB,0.037184066246221004
1195,FHN,0.035863804720521
1196,FI,0.0
1197,FIBK,0.032645287437599
1198,FICO,0.0
1199,FII,
1200,FIS,0.01064965710368
1201,FISI,0.038048711857668005
1202,FISV,0.0
1203,FIT,0.0
1204,FITB,0.030729956181425003
1205,FIVE,0.0
1206,FIVN,0.0
1207,FIX,0.006993101900784
1208,FIXX,0.0
1209,FIZZ,0.0
1210,FL,0.013433264027925001
1211,FLDM,0.0
1212,FLIC,0.039344280260215005
1213,FLIR,0.01212211043598
1214,FLL,0.0
1215,FLMN,0.059603569109289004
1216,FLNT,0.0
1217,FLO,0.035311355002871005
1218,FLOW,0.0
1219,FLR,0.005780346906943
1220,FLS,0.020198902116849
1221,FLT,0.0
1222,FLWS,0.0
1223,FLXN,0.0
1224,FLXS,0.012138304850901002
1225,FMAO,0.028620091082723002
1226,FMBH,0.028693621419971
1227,FMBI,0.029485837801211
1228,FMC,0.01699535556475
1229,FMNB,0.031400547478016
1230,FN,0.0
1231,FNB,0.040345281525253004
1232,FNCB,0.030333645782893003
1233,FND,0.0
1234,FNF,0.03288729653564
1235,FNHC,0.035466435370063006
1236,FNJN,
1237,FNKO,0.0
1238,FNLC,0.048678184769625
1239,FNSR,
1240,FNWB,0.013587291361710002
1241,FOCS,0.0
1242,FOE,0.0
1243,FOLD,0.0
1244,FONR,0.0
1245,FOR,0.0
1246,FORD,0.0
1247,FORM,0.0
1248,FORR,0.0
1249,FOSL,0.0
1250,FOX,0.014151898282913002
1251,FOXA,0.013561324006171
1252,FOXF,0.0
1253,FPI,0.017084230549778
1254,FPRX,0.0
1255,FR,0.023395518448490003
1256,FRAC,
1257,FRAF,0.044620008463723
1258,FRAN,0.0
1259,FRBA,0.011223001848937
1260,FRBK,0.0
1261,FRC,0.004781500545365001
1262,FRD,0.010788020771906002
1263,FRED,
1264,FRGI,0.0
1265,FRME,0.024372497687913
1266,FRPH,0.0
1267,FRPT,0.0
1268,FRT,0.041539539817972
1269,FRTA,0.0
1270,FSB,
1271,FSBW,0.01489810895937
1272,FSCT,0.0
1273,FSFG,0.010991061907358001
1274,FSLR,0.0
1275,FSLY,0.0
1276,FSP,0.083096794514441
1277,FSS,0.008835495821395001
1278,FSTR,0.0
1279,FTDR,0.0
1280,FTEK,0.0
1281,FTI,0.017857142202146
1282,FTK,0.0
1283,FTNT,0.0
1284,FTR,
1285,FTSI,0.0
1286,FTSV,
1287,FTV,0.003665306332007
1288,FUL,0.008430423520873
1289,FULT,0.033548458683131
1290,FUNC,0.029999322641279004
1291,FUSB,0.013140384764462
1292,FVE,0.0
1293,FWONA,0.0
1294,FWONK,0.0
1295,FWRD,0.008659166689085
1296,G,0.009797139318915
1297,GABC,0.021023408071366
1298,GAIA,0.0
1299,GALT,0.0
1300,GATX,0.019118474106891003
1301,GBCI,0.022268794163059002
1302,GBL,0.0037828892842
1303,GBLI,0.017549583412094002
1304,GBT,0.0
1305,GBX,0.023390931415258002
1306,GCAP,
1307,GCBC,0.019077848577580003
1308,GCI,0.0
1309,GCO,0.0
1310,GCP,0.0
1311,GD,0.026408888260222002
1312,GDDY,0.0
1313,GDEN,0.0
1314,GDI,
1315,GDOT,0.0
1316,GDP,0.0
1317,GE,0.003321512331365
1318,GEC,0.0
1319,GEF,0.036169353801698
1320,GEN,0.0
1321,GENC,0.0
1322,GEO,0.200882303126334
1323,GEOS,0.0
1324,GERN,0.0
1325,GES,0.008890665896181
1326,GEVO,0.0
1327,GFED,0.032198757155429004
1328,GFF,0.012639849643793001
1329,GFN,0.0
1330,GGG,0.010139603683704
1331,GH,0.0
1332,GHC,0.009589433013632001
1333,GHDX,
1334,GHL,0.013436224271168001
1335,GHM,0.02753239248266
1336,GIFI,0.0
1337,GIII,0.0
1338,GILD,0.041593205208071006
1339,GIS,0.034961269914314
1340,GKOS,0.0
1341,GL,0.007844338092524
1342,GLBZ,0.027295801225470002
1343,GLDD,0.0
1344,GLIBA,0.0
1345,GLOW,
1346,GLPI,0.029598801450043004
1347,GLRE,0.0
1348,GLT,0.033340074237263005
1349,GLUU,0.0
1350,GLW,0.022884426200187002
1351,GLYC,0.0
1352,GM,0.007228457204330001
1353,GME,0.0
1354,GMED,0.0
1355,GMO,
1356,GMRE,0.059163490368815005
1357,GMS,0.0
1358,GNC,
1359,GNCA,0.0
1360,GNE,0.042908925457711
1361,GNK,0.005883340850397
1362,GNL,0.085441477909203
1363,GNMK,0.0
1364,GNMX,
1365,GNRC,0.0
1366,GNTX,0.013386816228518
1367,GNTY,0.023065313891579002
1368,GNW,0.0
1369,GOGO,0.0
1370,GOLF,0.01391176419113
1371,GOOD,0.07808315662740001
1372,GOOG,0.0
1373,GOOGL,0.0
1374,GORO,0.014360017924329001
1375,GOSS,0.0
1376,GPC,0.030493712210397
1377,GPI,0.0020120938856490003
1378,GPK,0.018391568822731002
1379,GPMT,0.037362170105276
1380,GPN,0.004010481129085
1381,GPOR,0.0
1382,GPRE,0.0
1383,GPRO,0.0
1384,GPS,0.0
1385,GPX,0.0
1386,GRA,0.019949535644999003
1387,GRBK,0.0
1388,GRC,0.018463088367678
1389,GRIF,0.0
1390,GRMN,0.018591530972237
1391,GROW,0.003672785851192
1392,GRPN,0.0
1393,GRTS,0.0
1394,GRUB,0.0
1395,GS,0.015705691866506
1396,GSAT,0.0
1397,GSB,
1398,GSBC,0.025874103971097
1399,GSHD,0.0
1400,GSIT,0.0
1401,GSKY,0.0
1402,GT,0.0
1403,GTES,0.0
1404,GTHX,0.0
1405,GTIM,0.0
1406,GTLS,0.0
1407,GTN,0.0
1408,GTS,0.0
1409,GTT,0.0
1410,GTX,
1411,GTXI,
1412,GTY,0.052775691913787004
1413,GTYH,0.0
1414,GV,0.0
1415,GVA,0.015759911454023
1416,GVP,0.0
1417,GWB,0.006669367463848001
1418,GWGH,0.0
1419,GWR,
1420,GWRE,0.0
1421,GWRS,0.01688318388746
1422,GWW,0.015796629547171002
1423,H,0.002431315377829
1424,HA,0.0
1425,HABT,
1426,HAE,0.0
1427,HAFC,0.022813815477872
1428,HAIN,0.0
1429,HAL,0.015494799311805002
1430,HALL,0.0
1431,HALO,0.0
1432,HAS,0.029867294828705003
1433,HASI,0.021690557608954
1434,HAYN,0.029722754632356
1435,HBAN,0.038431256467151
1436,HBB,0.02058774777471
1437,HBCP,0.026787072948163
1438,HBI,0.033106641699624004
1439,HBIO,0.0
1440,HBMD,0.0
1441,HBNC,0.026814654798644002
1442,HBP,0.0
1443,HCA,0.0028256157095410002
1444,HCC,0.008752650068275001
1445,HCCI,0.0
1446,HCFT,0.0
1447,HCHC,0.0
1448,HCI,0.026668950444168
1449,HCKT,0.019624260254306
1450,HCP,
1451,HCSG,0.027259439835239003
1452,HD,0.021281418740623
1453,HDS,0.0
1454,HDSN,0.0
1455,HE,0.037189190159273
1456,HEAR,0.0
1457,HEB,
1458,HEES,0.036019083785019
1459,HEI,0.0012102837871200002
1460,HELE,0.0
1461,HEPA,0.0
1462,HES,0.015610858141674
1463,HFBL,0.011186441122475
1464,HFC,0.028274529046523004
1465,HFWA,0.03221321713736
1466,HGV,0.0
1467,HHC,0.0
1468,HHS,
1469,HI,0.018906765409817002
1470,HIBB,0.0
1471,HIFS,0.007194537836280001
1472,HIG,0.025779794528630003
1473,HII,0.023008867775246
1474,HIIQ,
1475,HIL,0.0
1476,HIW,0.047085768851346
1477,HL,0.0026657631325810002
1478,HLF,0.0
1479,HLI,0.019462166953392
1480,HLIO,0.005699380518190001
1481,HLIT,0.0
1482,HLNE,0.012786051767154001
1483,HLT,0.0012830382855220002
1484,HLX,0.0
1485,HMHC,0.0
1486,HMN,0.030812337030202003
1487,HMNF,0.0
1488,HMST,0.016272075407838
1489,HMSY,0.0
1490,HMTV,0.0
1491,HNGR,0.0
1492,HNI,0.026450175406049003
1493,HNRG,0.0
1494,HOFT,0.019888935444015002
1495,HOG,0.012209340633833
1496,HOLX,0.0
1497,HOMB,0.022814242212613002
1498,HOME,0.0
1499,HON,0.017689169338019003
1500,HONE,0.007809782300269001
1501,HOPE,0.032891619942196006
1502,HOS,
1503,HOV,0.0
1504,HP,0.053775775933423
1505,HPE,0.033630104181877
1506,HPP,0.040691919863910006
1507,HPQ,0.026434659739279002
1508,HPR,0.0
1509,HPT,
1510,HQY,0.0
1511,HR,0.040487391440816006
1512,HRB,0.052847059969655004
1513,HRC,0.008107335633631
1514,HRI,0.0
1515,HRL,0.019861849636418002
1516,HROW,0.0
1517,HRTG,0.024236475181843003
1518,HRTX,0.0
1519,HSC,0.0
1520,HSDT,0.0
1521,HSGX,
1522,HSIC,0.0
1523,HSII,0.017828086964747
1524,HSKA,0.0
1525,HSON,0.0
1526,HST,0.023894862960601
1527,HSTM,0.0
1528,HSY,0.021228169106580003
1529,HT,0.028169014204435003
1530,HTA,0.045335929672989
1531,HTBI,0.013369968424446
1532,HTBK,0.055832034689841006
1533,HTBX,0.0
1534,HTGM,0.0
1535,HTH,0.012009877415297
1536,HTLD,0.004262336662110001
1537,HTLF,0.013373744261545
1538,HTZ,
1539,HUBB,0.021561757942291003
1540,HUBG,0.0
1541,HUBS,0.0
1542,HUM,0.006617331480958001
1543,HUN,0.022261311743649002
1544,HURC,0.015876013286567
1545,HURN,0.0
1546,HUSA,0.0
1547,HVT,0.021699947429194
1548,HWBK,0.024089753294998
1549,HWC,0.028133814788653
1550,HWCC,0.0
1551,HWKN,0.015253119197847002
1552,HXL,0.0
1553,HY,0.013066601552224002
1554,HZN,0.0
1555,HZNP,0.0
1556,HZO,0.0
1557,IAA,0.0
1558,IAC,0.0
1559,IART,0.0
1560,IBCP,0.028943681508606003
1561,IBIO,0.0
1562,IBKC,
1563,IBKR,0.004009639896516
1564,IBM,0.05369395526289401
1565,IBOC,0.038326872013478
1566,IBP,0.0
1567,IBTX,0.015623013187730002
1568,ICAD,0.0
1569,ICBK,0.013522418472063001
1570,ICCC,0.0
1571,ICD,0.0
1572,ICE,0.010540336829016
1573,ICFI,0.006658173052295001
1574,ICHR,0.0
1575,ICON,0.0
1576,ICPT,0.0
1577,ICUI,0.0
1578,IDA,0.030939321203454002
1579,IDCC,0.021642059736566
1580,IDN,0.0
1581,IDRA,0.0
1582,IDSA,
1583,IDSY,
1584,IDT,0.0
1585,IDXG,0.0
1586,IDXX,0.0
1587,IEC,0.0
1588,IESC,0.0
1589,IEX,0.010125507496257001
1590,IFF,0.021578319950162003
1591,IHC,0.011477682307955001
1592,III,0.0
1593,IIIN,0.003927412251021
1594,IIIV,0.0
1595,IIN,0.0
1596,IIPR,0.020587978987122002
1597,IIVI,0.0
1598,IKNX,0.0
1599,ILMN,0.0
1600,ILPT,0.060049881165379
1601,IMBI,0.0
1602,IMGN,0.0
1603,IMH,0.0
1604,IMI,
1605,IMKTA,0.012916866404643
1606,IMMR,0.0
1607,IMMU,
1608,IMUX,0.0
1609,IMXI,0.0
1610,INAP,
1611,INBK,0.007275115594148
1612,INCY,0.0
1613,INDB,0.021810694386645003
1614,INFI,0.0
1615,INFN,0.0
1616,INFO,0.015138532279402001
1617,INFU,0.0
1618,INGN,0.0
1619,INGR,0.028886696514769
1620,INN,0.0
1621,INO,0.0
1622,INOD,0.0
1623,INOV,0.0
1624,INPX,0.0
1625,INS,0.0
1626,INSE,0.0
1627,INSG,0.0
1628,INSM,0.0
1629,INSP,0.0
1630,INST,
1631,INSW,0.012082650533335001
1632,INT,0.011264147605619002
1633,INTC,0.021022095984169
1634,INTG,0.0
1635,INTL,
1636,INTT,0.0
1637,INTU,0.005425297432230001
1638,INUV,0.0
1639,INVA,0.0
1640,INVE,0.0
1641,INVH,0.020519419040865003
1642,INWK,
1643,IO,0.0
1644,IONS,0.0
1645,IOR,0.0
1646,IOSP,0.010381688281227
1647,IOTS,
1648,IOVA,0.0
1649,IP,0.041183650310382
1650,IPAR,0.004795117888884
1651,IPG,0.039157722940244
1652,IPGP,0.0
1653,IPHI,0.0
1654,IPHS,
1655,IPI,0.0
1656,IPWR,0.0
1657,IQV,0.0
1658,IR,0.0
1659,IRBT,0.0
1660,IRDM,0.0
1661,IRET,0.03912306331134
1662,IRIX,0.0
1663,IRM,0.07453521421878401
1664,IRMD,0.0
1665,IROQ,0.007159904819115001
1666,IRT,0.037421779249136006
1667,IRTC,0.0
1668,IRWD,0.0
1669,ISBC,0.038613463431220005
1670,ISCA,
1671,ISDR,0.0
1672,ISEE,0.0
1673,ISIG,0.0
1674,ISNS,0.0
1675,ISR,0.0
1676,ISRG,0.0
1677,ISRL,
1678,ISSC,0.073313782991202
1679,ISTR,0.013561482625528
1680,IT,0.0
1681,ITCI,0.0
1682,ITGR,0.0
1683,ITI,0.0
1684,ITIC,0.010701558892282002
1685,ITRI,0.0
1686,ITT,0.008589485974123
1687,ITW,0.021758699659185
1688,IVAC,0.0
1689,IVC,0.001346982778692
1690,IVR,0.148626871132945
1691,IVZ,0.027214955770171002
1692,IZEA,0.0
1693,JACK,0.012044215977654002
1694,JAG,
1695,JAGX,0.0
1696,JAKK,0.0
1697,JASN,
1698,JAX,0.0
1699,JAZZ,0.0
1700,JBGS,0.028239418534600002
1701,JBHT,0.007414457925706001
1702,JBL,0.007161221737325
1703,JBLU,0.0
1704,JBSS,0.0072158079058400005
1705,JBT,0.0030837836161240004
1706,JCAP,
1707,JCI,0.018393885378494002
1708,JCOM,0.0
1709,JCP,
1710,JCS,0.006439613965198001
1711,JCTCF,0.0
1712,JEC,
1713,JEF,0.022261880413592002
1714,JELD,0.0
1715,JHG,0.048243532798596
1716,JILL,0.0
1717,JJSF,0.015125882952426001
1718,JKHY,0.01136947150703
1719,JLL,0.0
1720,JNCE,0.0
1721,JNJ,0.024175870943235003
1722,JNPR,0.032943061164755004
1723,JOB,0.0
1724,JOE,0.0
1725,JOUT,0.0059887078906160005
1726,JPM,0.024021881732515002
1727,JRVR,0.024093941707240003
1728,JVA,0.0
1729,JWN,0.009989200992666
1730,JYNT,0.0
1731,K,0.038864349510668
1732,KAI,0.0061421150679080005
1733,KALA,0.0
1734,KALU,0.023351794291361003
1735,KALV,0.0
1736,KAMN,0.014235735702463
1737,KAR,0.012855209581584
1738,KBAL,0.030000174298326004
1739,KBH,0.011273928190989001
1740,KBR,0.012328591678517001
1741,KDMN,0.0
1742,KDP,0.023788396738375003
1743,KE,0.0
1744,KEG,
1745,KELYA,0.0
1746,KEM,
1747,KEQU,0.0
1748,KEX,0.0
1749,KEY,0.036009855500097006
1750,KEYS,0.0
1751,KFFB,0.040859522892218
1752,KFRC,0.016190241946475
1753,KFY,0.007036886107423
1754,KHC,0.041937518917085005
1755,KIDS,0.0
1756,KIM,0.030204578582305002
1757,KIN,0.0
1758,KINS,0.024448716903144003
1759,KIRK,0.0
1760,KKR,0.008602781020153001
1761,KLAC,0.010682632497476
1762,KLIC,0.010118554334488002
1763,KLXE,0.0
1764,KMB,0.032402125952127
1765,KMI,0.068187266476429
1766,KMPH,0.0
1767,KMPR,0.016198468084889003
1768,KMT,0.021715882230507
1769,KMX,0.0
1770,KN,0.0
1771,KNL,0.020786742830560003
1772,KNSA,0.0
1773,KNSL,0.002000702079176
1774,KNX,0.007232570449139001
1775,KO,0.032334146326985
1776,KOD,0.0
1777,KODK,0.0
1778,KOOL,
1779,KOP,0.0
1780,KOPN,0.0
1781,KOS,0.016496350893574003
1782,KPTI,0.0
1783,KR,0.020414325759060003
1784,KRA,0.0
1785,KRC,0.03352716419263
1786,KREF,0.089475280775153
1787,KRG,0.032219957290027
1788,KRNY,0.028652659771327003
1789,KRO,0.048750747309682006
1790,KRYS,0.0
1791,KSS,0.013358633703705
1792,KSU,0.0076890145805880005
1793,KTB,0.022002683893705
1794,KTCC,0.0
1795,KTOS,0.0
1796,KURA,0.0
1797,KVHI,0.0
1798,KW,0.048959850597504004
1799,KWR,0.005279855943894
1800,KZR,0.0
1801,L,0.005189280047153
1802,LAD,0.0023834858327890004
1803,LADR,0.083489327686543
1804,LAKE,0.0
1805,LAMR,0.028957033890375003
1806,LANC,0.015900316902387
1807,LAND,0.029134056788728
1808,LARK,0.029358348370297
1809,LASR,0.0
1810,LAUR,0.0
1811,LAWS,0.0
1812,LAZ,0.033431917573544
1813,LB,0.0
1814,LBAI,0.024233219896019002
1815,LBC,0.021734221483349
1816,LBRDA,0.0
1817,LBRDK,0.0
1818,LBRT,0.004812319609726
1819,LBTYA,0.0
1820,LBTYK,0.0
1821,LBY,
1822,LC,0.0
1823,LCI,0.0
1824,LCII,0.018847462405914003
1825,LCNB,0.042582075392784004
1826,LCTX,0.0
1827,LCUT,0.012662013232899
1828,LDL,0.0
1829,LDOS,0.013038965026557001
1830,LE,0.0
1831,LEA,0.006076495402231001
1832,LEAF,0.0
1833,LECO,0.012610468876263001
1834,LEE,0.0
1835,LEG,0.036696986004736004
1836,LEGH,0.0
1837,LEN,0.00854728299964
1838,LEU,0.0
1839,LEVI,0.0051989412593040005
1840,LFUS,0.006872008824078001
1841,LFVN,0.0
1842,LGIH,0.0
1843,LGL,0.0
1844,LGND,0.0
1845,LH,0.0
1846,LHCG,0.0
1847,LHX,0.017861625571633
1848,LIFE,0.0
1849,LII,0.010441506234543001
1850,LILA,0.0
1851,LILAK,0.0
1852,LIN,0.015264577002246002
1853,LINC,0.0
1854,LIND,0.0
1855,LIQT,0.0
1856,LITE,0.0
1857,LIVE,0.0
1858,LIVN,0.0
1859,LIVX,0.0
1860,LJPC,0.0
1861,LKFN,0.018680136233207002
1862,LKQ,0.0
1863,LKSD,
1864,LL,0.0
1865,LLEX,
1866,LLNW,0.0
1867,LLY,0.015178562957911002
1868,LM,
1869,LMAT,0.007690212124863
1870,LMFA,0.0
1871,LMNR,0.019560411378387002
1872,LMNX,0.013202411989381001
1873,LMST,0.0
1874,LMT,0.028939253788791003
1875,LNC,0.028742442338160003
1876,LNDC,0.0
1877,LNG,0.0
1878,LNN,0.005770083456838
1879,LNT,0.032024742706595
1880,LNTH,0.0
1881,LOAN,0.074029987714646
1882,LOB,0.002456276856952
1883,LOCO,0.0
1884,LODE,0.0
1885,LOGM,
1886,LONE,0.0
1887,LOOP,0.0
1888,LOPE,0.0
1889,LORL,0.0
1890,LOVE,0.0
1891,LOW,0.012921817114873
1892,LPCN,0.0
1893,LPG,0.0
1894,LPI,0.0
1895,LPLA,0.007544968559867001
1896,LPSN,0.0
1897,LPT,
1898,LPTH,0.0
1899,LPX,0.012506642436918
1900,LQDA,0.0
1901,LQDT,0.0
1902,LRAD,
1903,LRCX,0.008150642227316
1904,LRN,0.0
1905,LSBK,0.023270707675792
1906,LSCC,0.0
1907,LSI,0.034232244674485005
1908,LSTR,0.0050258201981
1909,LSXMA,0.0
1910,LSXMK,0.0
1911,LTBR,0.0
1912,LTC,0.054533003663061005
1913,LTHM,0.0
1914,LTRPA,0.0
1915,LTRX,0.0
1916,LTS,
1917,LTXB,
1918,LUB,0.0
1919,LULU,0.0
1920,LUNA,0.0
1921,LUV,0.0034084455056340003
1922,LVS,0.013127285168788002
1923,LW,0.011788051397561
1924,LWAY,0.0
1925,LXP,0.038118882807477
1926,LXRX,0.0
1927,LXU,0.0
1928,LYB,0.04107810735443
1929,LYFT,0.0
1930,LYTS,0.020666767783657003
1931,LYV,0.0
1932,LZB,0.0035751001025270002
1933,M,0.025217100709139
1934,MA,0.00491346505191
1935,MAA,0.028901252035534
1936,MAC,0.042991034104289005
1937,MACK,0.0
1938,MAMS,
1939,MAN,0.023922888301009002
1940,MANH,0.0
1941,MANT,0.015424707514480001
1942,MAR,0.0035221601795650003
1943,MARA,0.0
1944,MARK,0.0
1945,MAS,0.01003524535913
1946,MASI,0.0
1947,MAT,0.0
1948,MATW,0.024892254298320003
1949,MATX,0.012206591346471
1950,MAYS,0.0
1951,MBCN,0.026017772005037004
1952,MBI,0.0
1953,MBII,0.0
1954,MBIN,0.009538405413597
1955,MBIO,0.0
1956,MBOT,0.0
1957,MBTF,
1958,MBUU,0.0
1959,MBWM,0.027773314496566
1960,MC,0.025346456428746
1961,MCB,0.0
1962,MCBC,0.03615010082139
1963,MCD,0.023535647544915002
1964,MCF,0.0
1965,MCFT,0.0
1966,MCHP,0.009164398324015001
1967,MCHX,0.0
1968,MCK,0.009310931013319
1969,MCO,0.007963672778073
1970,MCRB,0.0
1971,MCRI,0.0
1972,MCRN,
1973,MCS,0.009454950043834
1974,MCY,0.042958987164578
1975,MD,0.0
1976,MDB,0.0
1977,MDC,0.025097884664843
1978,MDCO,
1979,MDGL,0.0
1980,MDLY,0.0
1981,MDLZ,0.021920340768011002
1982,MDP,0.023991936637509002
1983,MDR,
1984,MDRX,0.0
1985,MDSO,
1986,MDT,0.019957560598549
1987,MDU,0.029002378040197
1988,MED,0.016689622613869002
1989,MEDP,0.0
1990,MEET,
1991,MEI,0.011409699430619001
1992,MEIP,0.0
1993,MERC,0.024408809223499
1994,MESA,0.0
1995,MET,0.032291668894019
1996,MFA,0.066426147462208
1997,MFNC,0.043626438470695
1998,MFSF,
1999,MG,0.0
2000,MGEE,0.021777665506468
2001,MGEN,0.0
2002,MGI,0.0
2003,MGLN,0.0
2004,MGM,0.004323307556026001
2005,MGNX,0.0
2006,MGPI,0.0074275710463290005
2007,MGRC,0.0210063111405
2008,MGTA,0.0
2009,MGY,0.0
2010,MGYR,0.0
2011,MHH,0.0
2012,MHK,0.0
2013,MHLD,0.0
2014,MHO,0.0
2015,MIC,0.022985570736213
2016,MICR,0.0
2017,MICT,0.0
2018,MIDD,0.0
2019,MIK,0.0
2020,MIND,0.0
2021,MINI,
2022,MITK,0.0
2023,MITT,0.007425742408279001
2024,MJCO,
2025,MKC,0.011347669815647
2026,MKL,0.0
2027,MKSI,0.004686351505813
2028,MKTX,0.004463697765235
2029,MLAB,0.001734212355261
2030,MLHR,0.010635374258809002
2031,MLI,0.010542486719548001
2032,MLM,0.0
2033,MLND,0.0
2034,MLNT,
2035,MLP,0.0
2036,MLR,0.017589197608398003
2037,MLSS,0.0
2038,MLVF,0.0
2039,MMAC,0.0
2040,MMC,0.015704689074687
2041,MMI,0.0
2042,MMM,0.032943865452937
2043,MMS,0.013563093235434
2044,MMSI,0.0
2045,MN,0.002869440394973
2046,MNI,
2047,MNK,
2048,MNKD,0.0
2049,MNOV,0.0
2050,MNR,0.037958178243067006
2051,MNRL,0.070500509627132
2052,MNRO,0.013746640521532
2053,MNSB,0.0
2054,MNST,0.0
2055,MNTA,
2056,MNTX,0.0
2057,MO,0.07532679946109301
2058,MOBL,0.0
2059,MOD,0.0
2060,MODN,0.0
2061,MOFG,0.031133795406132002
2062,MOH,0.0
2063,MORN,0.004878816629766
2064,MOS,0.00684979203768
2065,MOSY,0.0
2066,MOTS,0.0
2067,MOV,0.0
2068,MPAA,0.0
2069,MPB,0.029957571987652
2070,MPC,0.043300041581739
2071,MPW,0.04840374655782401
2072,MPWR,0.00506654705385
2073,MPX,0.0190918713984
2074,MR,
2075,MRAM,0.0
2076,MRBK,0.014850841688639002
2077,MRC,0.0
2078,MRCY,0.0
2079,MRIN,0.0
2080,MRK,0.032999371433399004
2081,MRKR,0.0
2082,MRLN,0.03995595754535
2083,MRNS,0.0
2084,MRO,0.0031746031036450004
2085,MRSN,0.0
2086,MRTN,0.008087508388241
2087,MRTX,0.0
2088,MRVL,0.004615694666228001
2089,MS,0.018251493481439
2090,MSA,0.010076846621576001
2091,MSBF,
2092,MSBI,0.046891811015206
2093,MSCI,0.0069558403726850005
2094,MSEX,0.013754165696879001
2095,MSFT,0.008849600848092
2096,MSG,
2097,MSGN,0.0
2098,MSI,0.014301604782347
2099,MSL,
2100,MSM,0.033271638403341006
2101,MSN,0.0
2102,MSON,0.0
2103,MSTR,0.0
2104,MTB,0.028916304860907002
2105,MTCH,0.0
2106,MTD,0.0
2107,MTDR,0.0
2108,MTEM,0.0
2109,MTEX,0.030867727639978002
2110,MTG,0.018856800268988002
2111,MTH,0.0
2112,MTN,0.005784526360557001
2113,MTNB,0.0
2114,MTOR,0.0
2115,MTRN,0.0068742145721300005
2116,MTRX,0.0
2117,MTSC,0.005114217727939001
2118,MTSI,0.0
2119,MTW,0.0
2120,MTX,0.0028273182937270003
2121,MTZ,0.0
2122,MU,0.0
2123,MUR,0.032913733659182
2124,MUSA,0.002008032128514
2125,MUX,0.0
2126,MVBF,0.012988910371465
2127,MVIS,0.0
2128,MWA,0.016761649590633
2129,MXIM,0.014565074243321001
2130,MXL,0.0
2131,MYE,0.024373218974614003
2132,MYGN,0.0
2133,MYL,
2134,MYOK,
2135,MYOS,
2136,MYRG,0.0
2137,NAII,0.0
2138,NANO,
2139,NATH,0.023111353382617
2140,NATI,0.022429399699118002
2141,NATR,0.0
2142,NAV,0.0
2143,NAVB,0.0
2144,NAVI,0.051028685523929
2145,NBEV,0.0
2146,NBHC,0.021841676838510002
2147,NBIX,0.0
2148,NBL,
2149,NBN,0.0014977035837820001
2150,NBR,0.005716245442141
2151,NBSE,0.0
2152,NBTB,0.029865722989072002
2153,NBY,0.0
2154,NC,0.029190823199891
2155,NCBS,0.0
2156,NCI,
2157,NCLH,0.0
2158,NCMI,0.080315318334457
2159,NCR,0.0
2160,NCSM,0.0
2161,NDAQ,0.013355785766787
2162,NDLS,0.0
2163,NDSN,0.008171726364318
2164,NE,
2165,NEE,0.017793910730684002
2166,NEM,0.018240109828778002
2167,NEO,0.0
2168,NEOG,0.0
2169,NEON,0.0
2170,NEOS,0.0
2171,NERV,0.0
2172,NETE,0.0
2173,NEU,0.019144953729819003
2174,NEWM,
2175,NEWR,0.0
2176,NFBK,0.032032337762044005
2177,NFG,0.038314947251150006
2178,NFLX,0.0
2179,NGHC,0.0
2180,NGS,0.0
2181,NGVC,0.018244331450135
2182,NGVT,0.0
2183,NHC,0.031522599125526005
2184,NHI,0.06301706968052301
2185,NHTC,0.094534072212413
2186,NI,0.036707763426292006
2187,NICK,0.0
2188,NIHD,
2189,NINE,0.0
2190,NJR,0.032074848460105006
2191,NK,0.0
2192,NKE,0.007089397041465001
2193,NKSH,0.041225712959290006
2194,NKTR,0.0
2195,NL,0.030994194674021
2196,NLNK,
2197,NLS,0.0
2198,NLSN,0.010207630062107
2199,NLTX,0.0
2200,NLY,0.10438515893458401
2201,NMIH,0.0
2202,NMRK,0.012919952547283
2203,NNBR,0.0
2204,NNI,0.011669275761329001
2205,NNN,0.048075983579747
2206,NNVC,0.0
2207,NOC,0.014569159434521
2208,NODK,0.0
2209,NOG,0.0
2210,NOV,0.003563791927659
2211,NOVT,0.0
2212,NOW,0.0
2213,NP,0.033846130939213
2214,NPK,0.061362241767232005
2215,NPO,0.013222332759716002
2216,NPTN,0.0
2217,NR,0.0
2218,NRC,0.004257907409640001
2219,NRCG,
2220,NRE,
2221,NRG,0.030561185087843
2222,NRIM,0.037775318145018
2223,NRZ,0.049556294694095004
2224,NSA,0.035253295266539
2225,NSC,0.014673301542241002
2226,NSEC,0.0
2227,NSIT,0.0
2228,NSP,0.020041351303486003
2229,NSSC,0.0
2230,NSTG,0.0
2231,NTAP,0.026544844265227
2232,NTCT,0.0
2233,NTGR,0.0
2234,NTIC,0.00398772991508
2235,NTIP,0.026353870850839
2236,NTLA,0.0
2237,NTN,0.0
2238,NTNX,0.0
2239,NTRA,0.0
2240,NTRS,0.021459181149744003
2241,NTUS,0.0
2242,NTWK,0.0
2243,NUAN,0.0
2244,NUE,0.027433433716938002
2245,NURO,0.0
2246,NUS,0.029899006515886003
2247,NUVA,0.0
2248,NVAX,0.0
2249,NVDA,0.001071399173766
2250,NVEC,0.057274669101587
2251,NVEE,0.0
2252,NVFY,0.0
2253,NVIV,0.0
2254,NVR,0.0
2255,NVRO,0.0
2256,NVT,0.027461577362193002
2257,NVTA,0.0
2258,NVTR,
2259,NVUS,0.0
2260,NWBI,0.053333220600672006
2261,NWE,0.040257498884604004
2262,NWFL,0.041196656259823
2263,NWHM,0.0
2264,NWL,0.037110190975407
2265,NWLI,0.0017777778484200002
2266,NWN,0.038583220527644006
2267,NWPX,0.0
2268,NWS,0.008895215311125
2269,NWSA,0.008859876675232001
2270,NX,0.012959651284596
2271,NXGN,0.0
2272,NXRT,0.030465991479078
2273,NXST,0.018932965718254
2274,NXTD,0.0
2275,NYCB,0.05734800125304101
2276,NYMT,0.053877835025093
2277,NYNY,
2278,NYT,0.004697789998993
2279,O,0.044918806982387004
2280,OAS,0.0
2281,OBCI,0.0
2282,OBNK,0.011326068806229
2283,OC,0.011460538765898
2284,OCC,0.0
2285,OCFC,0.031402203926658004
2286,OCN,0.0
2287,OCUL,0.0
2288,OCX,0.0
2289,ODC,0.029180679651502003
2290,ODFL,0.0027946456890170003
2291,ODP,0.005555555638339001
2292,ODT,0.0
2293,OESX,0.0
2294,OFC,0.041405735826775
2295,OFED,0.013132683374428002
2296,OFG,0.014740750896862002
2297,OFIX,0.0
2298,OFLX,0.0073588276538030005
2299,OGE,0.048593857330296
2300,OGEN,0.0
2301,OGS,0.029377231282363
2302,OHI,0.069735159160975
2303,OI,0.004000000059604001
2304,OII,0.0
2305,OIS,0.0
2306,OKE,0.078414437670611
2307,OKTA,0.0
2308,OLBK,
2309,OLED,0.0026659040190350003
2310,OLLI,0.0
2311,OLN,0.019768880088369002
2312,OLP,0.082410461535612
2313,OMC,0.037801400524541
2314,OMCL,0.0
2315,OMED,
2316,OMER,0.0
2317,OMEX,0.0
2318,OMF,0.035800666990769
2319,OMI,0.00038202783540700004
2320,OMN,
2321,ON,0.0
2322,ONB,0.030366378346589003
2323,ONCE,
2324,ONCS,0.0
2325,ONCT,0.0
2326,ONDK,
2327,ONTX,0.0
2328,ONVO,0.0
2329,OOMA,0.0
2330,OPB,
2331,OPGN,0.0
2332,OPI,0.08590454987478101
2333,OPK,0.0
2334,OPOF,0.025182324572642002
2335,OPRX,0.0
2336,OPTN,0.0
2337,OPTT,0.0
2338,OPY,0.012620006940805001
2339,ORA,0.0038945749825040005
2340,ORBC,0.0
2341,ORC,0.12823998515332802
2342,ORCL,0.015611394237807
2343,ORGO,0.0
2344,ORI,0.039589325148075005
2345,ORIT,
2346,ORLY,0.0
2347,ORN,0.0
2348,ORRF,0.027327248599151
2349,OSBC,0.003484798101608
2350,OSG,0.0
2351,OSIS,0.0
2352,OSK,0.012552468806227
2353,OSPN,0.0
2354,OSTK,0.0
2355,OSUR,0.0
2356,OSW,0.003988035803183
2357,OTEL,0.0
2358,OTIC,0.0
2359,OTTR,0.035371774095138
2360,OUT,0.017690875010783
2361,OVBC,0.025322957052094003
2362,OVLY,0.017991766180616
2363,OXM,0.013296281781246
2364,OXY,0.032192927252842
2365,OZK,0.019939033255903002
2366,PACB,0.0
2367,PACW,0.020183314241977002
2368,PAG,0.012843662717304001
2369,PAHC,0.020795218699763002
2370,PANL,0.0
2371,PANW,0.0
2372,PAR,0.0
2373,PARR,0.0
2374,PATI,0.0
2375,PATK,0.012489127572987
2376,PAYC,0.0
2377,PAYS,0.0
2378,PAYX,0.02717517889729
2379,PB,0.025260382257947002
2380,PBBI,
2381,PBCT,0.033583539200171
2382,PBF,0.022189349994151
2383,PBH,0.0
2384,PBHC,0.01731323150196
2385,PBI,0.022985228053484002
2386,PBIP,0.020229783933482
2387,PBPB,0.0
2388,PBYI,0.0
2389,PCAR,0.016608585194122002
2390,PCH,0.029854732752024004
2391,PCMI,
2392,PCRX,0.0
2393,PCSB,0.009892921082179
2394,PCTI,0.013688276660777002
2395,PCTY,0.0
2396,PCYG,0.0
2397,PCYO,0.0
2398,PD,0.0
2399,PDCE,0.0
2400,PDCO,0.032442310835615
2401,PDEX,0.0
2402,PDFS,0.0
2403,PDLB,0.0
2404,PDLI,0.0
2405,PDM,0.048818752849033004
2406,PDSB,0.0
2407,PE,0.011742258798249
2408,PEB,0.0017381777318120001
2409,PEBK,0.025602776229537
2410,PEBO,0.032198688243685006
2411,PED,0.0
2412,PEG,0.033644380784582005
2413,PEGA,0.0008204316594370001
2414,PEGI,
2415,PEI,0.10346257714639001
2416,PEIX,0.0
2417,PEN,0.0
2418,PENN,0.0
2419,PEP,0.030035694787590002
2420,PESI,0.0
2421,PETQ,0.0
2422,PETS,0.031410983223910005
2423,PFBC,0.022362028561536
2424,PFBI,0.036074420244104004
2425,PFE,0.043742092315661
2426,PFG,0.039920378851899
2427,PFGC,0.0
2428,PFIE,0.0
2429,PFIN,0.0
2430,PFIS,0.035147834340086004
2431,PFMT,0.0
2432,PFNX,
2433,PFPT,0.0
2434,PFS,0.045851496542373006
2435,PFSW,0.0
2436,PG,0.024661790380488
2437,PGC,0.007441381382197001
2438,PGNX,
2439,PGR,0.05627714347986001
2440,PGRE,0.041038915442760004
2441,PGTI,0.0
2442,PH,0.012515329461849
2443,PHAS,0.0
2444,PHIO,0.0
2445,PHM,0.010730281976807001
2446,PHX,0.011900825871293002
2447,PI,0.0
2448,PICO,0.0
2449,PIH,0.0
2450,PII,0.020158335802521
2451,PINC,0.011202571315719001
2452,PINS,0.0
2453,PIR,
2454,PJC,
2455,PJT,0.0028222903077440003
2456,PK,0.021686746413449
2457,PKBK,0.03332734434436
2458,PKE,0.027726717060612003
2459,PKG,0.024868876038277
2460,PKI,0.002045307150886
2461,PKOH,0.0076935274224350005
2462,PLAB,0.0
2463,PLAN,0.0
2464,PLAY,0.0
2465,PLBC,0.020011105846536002
2466,PLCE,0.0
2467,PLD,0.021841037258609003
2468,PLNT,0.0
2469,PLOW,0.023234755688572
2470,PLPC,0.011634731992781
2471,PLSE,0.0
2472,PLT,0.0
2473,PLUG,0.0
2474,PLUS,0.0
2475,PLXP,0.0
2476,PLXS,0.0
2477,PLYA,0.0
2478,PLYM,0.062221482100579005
2479,PM,0.054251391499235004
2480,PMBC,0.0
2481,PMD,0.0
2482,PMT,0.077685723743766
2483,PMTS,0.0
2484,PNBK,0.0
2485,PNC,0.026635978692679002
2486,PNFP,0.006129135212264001
2487,PNM,0.025469769057857004
2488,PNR,0.013518026721074002
2489,PNRG,0.0
2490,PNW,0.04165215483229601
2491,POAI,0.0
2492,PODD,0.0
2493,POL,
2494,POOL,0.007002529268203
2495,POR,0.037278912977438
2496,POST,0.0
2497,POWI,0.006492823490516
2498,POWL,0.035546032330189
2499,PPBI,0.027559084886259
2500,PPC,0.0
2501,PPG,0.015491273686048001
2502,PPIH,0.0
2503,PPL,0.05869688014919001
2504,PPSI,0.0
2505,PQG,0.0
2506,PRA,0.019484463651261
2507,PRAA,0.0
2508,PRAH,0.0
2509,PRCP,0.0
2510,PRFT,0.0
2511,PRGO,0.021236157660371003
2512,PRGS,0.014802150561853002
2513,PRGX,0.0
2514,PRI,0.011504557788713001
2515,PRIM,0.0074666726157
2516,PRK,0.035204864090647006
2517,PRLB,0.0
2518,PRMW,0.016566438522875003
2519,PRNB,
2520,PRO,0.0
2521,PROV,0.034713074584248
2522,PRPH,0.0
2523,PRSC,0.0
2524,PRSP,0.009264410675255
2525,PRTA,0.0
2526,PRTK,0.0
2527,PRTO,
2528,PRTS,0.0
2529,PRTY,0.0
2530,PRU,0.05177601907920001
2531,PRVB,0.0
2532,PS,0.0
2533,PSA,0.033615196266153
2534,PSB,0.028929093214878004
2535,PSDO,
2536,PSMT,0.0069901466078510005
2537,PSN,0.0
2538,PSTG,0.0
2539,PSTV,0.0
2540,PSX,0.042886603091441
2541,PTC,0.0
2542,PTCT,0.0
2543,PTE,0.0
2544,PTEN,0.015788005357277
2545,PTGX,0.0
2546,PTI,0.0
2547,PTLA,
2548,PTN,0.0
2549,PTSI,0.0
2550,PTVCA,0.004366812292144
2551,PTVCB,0.017251331159677002
2552,PUB,
2553,PULM,0.0
2554,PUMP,0.0
2555,PVAC,0.0
2556,PVBC,0.009611237851765
2557,PVH,0.00039902108416800004
2558,PVTL,
2559,PW,0.0
2560,PWOD,0.055078524430505
2561,PWR,0.002714757756175
2562,PXD,0.016289404180959
2563,PXLW,0.0
2564,PYPL,0.0
2565,PYX,
2566,PZG,0.0
2567,PZN,0.033655813943059006
2568,PZZA,0.008649360472538
2569,QADA,0.004313691667699
2570,QADB,0.003972061100303
2571,QCOM,0.017595530463615002
2572,QCRH,0.005775071327042001
2573,QDEL,0.0
2574,QEP,0.006172839368199
2575,QHC,
2576,QLYS,0.0
2577,QNST,0.0
2578,QRHC,0.0
2579,QRTEA,0.0
2580,QRVO,0.0
2581,QTRX,0.0
2582,QTS,0.029416774800007
2583,QTWO,0.0
2584,QUAD,0.028571429706755
2585,QUIK,0.0
2586,QUMU,0.0
2587,QUOT,0.0
2588,R,0.024903436720102003
2589,RAD,0.0
2590,RAIL,0.0
2591,RAMP,0.0
2592,RARE,0.0
2593,RARX,
2594,RAVE,0.0
2595,RAVN,0.006298906396804
2596,RBB,0.017159368660815
2597,RBBN,0.0
2598,RBC,0.008897691034948
2599,RBCAA,0.026850015618923
2600,RBCN,0.0
2601,RBNC,0.019126784527621
2602,RC,0.095979736788923
2603,RCII,0.022204392159626003
2604,RCKT,0.0
2605,RCKY,0.015588460231535001
2606,RCL,0.009889691535308
2607,RCM,0.0
2608,RCMT,0.0
2609,RCUS,0.0
2610,RDFN,0.0
2611,RDI,0.0
2612,RDN,0.023696394110556
2613,RDNT,0.0
2614,RDUS,0.0
2615,RDVT,0.0
2616,RE,0.025685793742296
2617,RECN,
2618,REED,0.0
2619,REFR,0.0
2620,REG,0.033369162719041
2621,REGI,0.0
2622,REGN,0.0
2623,REI,0.0
2624,RELL,0.034831172375744006
2625,RELV,0.0
2626,REPH,0.0
2627,REPL,0.0
2628,RES,0.0
2629,RESI,0.009242144544698001
2630,RESN,0.0
2631,RETA,0.0
2632,REV,0.0
2633,REVG,0.00406504071098
2634,REX,0.0
2635,REXN,
2636,REXR,0.017222016548088002
2637,REZI,0.0
2638,RF,0.029926286516281004
2639,RFIL,0.003305785050076
2640,RFL,0.0
2641,RFP,0.0
2642,RGA,0.022473009603331002
2643,RGCO,0.030541659199120004
2644,RGEN,0.0
2645,RGLD,0.010534240585656001
2646,RGLS,0.0
2647,RGNX,0.0
2648,RGR,0.021213209009794003
2649,RGS,0.0
2650,RH,0.0
2651,RHE,0.0
2652,RHI,0.017189673333413
2653,RHP,0.012511523614896
2654,RIBT,0.0
2655,RICK,0.002455455842056
2656,RIG,0.0
2657,RIGL,0.0
2658,RILY,0.020478925586662002
2659,RIOT,0.0
2660,RJF,0.012598057516452
2661,RKDA,0.0
2662,RL,0.006059404195311001
2663,RLGT,0.0
2664,RLGY,0.0
2665,RLH,0.0
2666,RLI,0.009179131103724
2667,RLJ,0.0025938645338960003
2668,RM,0.006261732725474
2669,RMAX,0.021558962155162002
2670,RMBS,0.0
2671,RMCF,0.021201412953673
2672,RMD,0.007731944810221001
2673,RMR,0.038682695628651
2674,RMTI,0.0
2675,RNDB,0.0
2676,RNET,0.0
2677,RNG,0.0
2678,RNR,0.008803002626316002
2679,RNST,0.022054005417275
2680,RNWK,0.0
2681,ROAD,0.0
2682,ROAN,
2683,ROCK,0.0
2684,ROG,0.0
2685,ROIC,0.012686330667950002
2686,ROK,0.016729452681943
2687,ROKU,0.0
2688,ROL,0.006684106738107
2689,ROLL,0.0
2690,ROP,0.0053893326569730005
2691,ROST,0.0023959646609810004
2692,ROX,
2693,RP,0.0
2694,RPAI,0.026086008497880002
2695,RPD,0.0
2696,RPM,0.017693452208821
2697,RPT,0.020503261771473002
2698,RRC,0.0
2699,RRD,0.0
2700,RRGB,0.0
2701,RRR,0.0034246575852770003
2702,RRTS,0.0
2703,RS,0.018870206650968002
2704,RSG,0.018201370738464
2705,RST,
2706,RTEC,
2707,RTIX,
2708,RTN,
2709,RTRX,
2710,RTTR,
2711,RTW,
2712,RUBI,
2713,RUBY,0.0
2714,RUN,0.0
2715,RUSHA,0.009829534453772
2716,RUSHB,0.008199615426491001
2717,RUTH,0.007256894337709
2718,RVI,0.068557917649018
2719,RVLT,
2720,RVNC,0.0
2721,RVP,0.0
2722,RVSB,0.03439340511603
2723,RWT,0.072589507128701
2724,RXN,0.005153944087326
2725,RYAM,0.0
2726,RYI,0.0
2727,RYN,0.030652550384029004
2728,RYTM,0.0
2729,S,
2730,SABR,0.009491525464138001
2731,SACH,0.07741978629175901
2732,SAFE,0.007649701660706
2733,SAFM,0.009862403462143001
2734,SAFT,0.045624021026310004
2735,SAGE,0.0
2736,SAH,0.009658895482149
2737,SAIA,0.0
2738,SAIC,0.015833331099859002
2739,SAIL,0.0
2740,SAL,0.028545631939843004
2741,SALM,0.00862068978363
2742,SAM,0.0
2743,SAMG,0.045616534974688004
2744,SANM,0.0
2745,SANW,0.0
2746,SASR,0.032694336754425
2747,SATS,0.0
2748,SAUC,
2749,SAVA,0.0
2750,SAVE,0.0
2751,SBAC,0.007088973903991
2752,SBBX,
2753,SBCF,0.0
2754,SBFG,0.021253690329178003
2755,SBGI,0.023901430380192
2756,SBH,0.0
2757,SBNY,0.007540590853739
2758,SBOW,0.0
2759,SBPH,
2760,SBRA,0.06537809741709101
2761,SBSI,0.036370492574792
2762,SBT,0.0
2763,SBUX,0.016528831390376
2764,SC,0.016667965753844
2765,SCHL,0.021064556726272003
2766,SCHN,0.020742787540592
2767,SCHW,0.011563842752959
2768,SCI,0.015748001286608002
2769,SCL,0.006835001280663001
2770,SCON,0.0
2771,SCOR,0.0
2772,SCPL,0.0
2773,SCS,0.027553752635343
2774,SCSC,0.0
2775,SCVL,0.007452133762290001
2776,SCWX,0.0
2777,SCX,0.0
2778,SCYX,0.0
2779,SD,0.0
2780,SDPI,0.0
2781,SEAC,0.0
2782,SEAS,0.0
2783,SEB,0.002890704701712
2784,SEDG,0.0
2785,SEE,0.014574254182140001
2786,SEEL,0.0
2787,SEEL,0.0
2788,SEIC,0.012370215983095002
2789,SELB,0.0
2790,SELF,0.056776594386465006
2791,SEM,0.0
2792,SEMG,
2793,SENEA,0.0
2794,SENEB,0.0
2795,SENS,0.0
2796,SERV,
2797,SES,
2798,SESN,0.0
2799,SF,0.007630120171704001
2800,SFBC,0.018331186318848003
2801,SFBS,0.015315818610344001
2802,SFE,0.0
2803,SFIX,0.0
2804,SFLY,
2805,SFM,0.0
2806,SFNC,0.023840265538434
2807,SFST,0.0
2808,SGA,0.016161615800375
2809,SGB,
2810,SGC,0.011892209188247
2811,SGEN,0.0
2812,SGH,0.0
2813,SGMA,0.0
2814,SGMO,0.0
2815,SGMS,0.0
2816,SGRP,0.0
2817,SGRY,0.0
2818,SHAK,0.0
2819,SHBI,0.03269823099037
2820,SHEN,0.007823285862316
2821,SHLO,
2822,SHO,0.0039619651937440005
2823,SHOO,0.004112969727459
2824,SHOS,
2825,SHSP,0.0
2826,SHW,0.007454266172633001
2827,SIBN,0.0
2828,SIEB,0.0
2829,SIEN,0.0
2830,SIF,0.0
2831,SIG,0.0
2832,SIGA,0.0
2833,SIGI,0.014210383909841001
2834,SILK,0.0
2835,SINT,0.0
2836,SIRI,0.009268961167814001
2837,SITC,0.019350664083455
2838,SITE,0.0
2839,SITO,
2840,SIVB,0.0
2841,SIX,0.0059665871121710005
2842,SJI,0.048016573676887005
2843,SJM,0.031110390347773003
2844,SJW,0.019043557815798
2845,SKIS,
2846,SKT,0.036400551107463
2847,SKX,0.0
2848,SKY,0.0
2849,SKYW,0.002605620707166
2850,SLAB,0.0
2851,SLB,0.019053588341949
2852,SLCA,0.001897533164417
2853,SLCT,0.0
2854,SLDB,0.0
2855,SLG,0.051586382075782006
2856,SLGN,0.012346386278178
2857,SLM,0.007931974089377
2858,SLNG,0.0
2859,SLNO,0.0
2860,SLP,0.0031597163664150003
2861,SLRX,0.0
2862,SLS,0.0
2863,SM,0.001760815546546
2864,SMAR,0.0
2865,SMBC,0.017131054040497
2866,SMBK,0.009774056826844001
2867,SMED,0.0
2868,SMG,0.010096685898174002
2869,SMHI,0.0
2870,SMIT,0.0
2871,SMMF,0.030838136326657002
2872,SMP,0.01221068415485
2873,SMPL,0.0
2874,SMRT,
2875,SMSI,0.0
2876,SMTA,
2877,SMTC,0.0
2878,SNA,0.017269450854696
2879,SNAP,0.0
2880,SNBR,0.0
2881,SNCR,0.0
2882,SND,0.0
2883,SNDR,0.010347688351202
2884,SNDX,0.0
2885,SNFCA,0.0
2886,SNH,
2887,SNOA,0.0
2888,SNPS,0.0
2889,SNR,0.055415554646916006
2890,SNSS,0.0
2891,SNV,0.030687708190509002
2892,SNX,0.0022621875690550003
2893,SO,0.042486831756119
2894,SOHO,0.037572252957118
2895,SOI,0.026061289932525003
2896,SOLY,0.0
2897,SON,0.028137982910569
2898,SONA,0.029469235566093002
2899,SONO,0.0
2900,SP,0.0
2901,SPAR,
2902,SPB,0.015877175067214002
2903,SPEX,
2904,SPG,0.035056237218534
2905,SPGI,0.007876673075676001
2906,SPKE,0.063780723841975
2907,SPLK,0.0
2908,SPN,
2909,SPNE,0.0
2910,SPOK,0.048591181258885
2911,SPPI,0.0
2912,SPR,0.0009406561568930001
2913,SPRO,0.0
2914,SPRT,0.0
2915,SPSC,0.0
2916,SPTN,0.041617315563047
2917,SPWH,0.0
2918,SPWR,0.0
2919,SPXC,0.0
2920,SQ,0.0
2921,SQBG,0.0
2922,SR,0.036649528339755
2923,SRC,0.05692140671258301
2924,SRCE,0.025574353839035002
2925,SRCI,
2926,SRCL,0.0
2927,SRDX,0.0
2928,SRE,0.033128089113098
2929,SREV,0.0
2930,SRG,0.0
2931,SRI,0.0
2932,SRNE,0.0
2933,SRPT,0.0
2934,SRRK,0.0
2935,SRT,0.0
2936,SRTS,0.0
2937,SSB,0.022726768802784
2938,SSBI,0.015563954359604
2939,SSD,0.009370304125958
2940,SSFN,
2941,SSI,
2942,SSKN,0.0
2943,SSNC,0.007953099724137
2944,SSP,0.010387641355232001
2945,SSTI,0.0
2946,SSTK,0.0071011031185730005
2947,ST,0.0
2948,STAA,0.0
2949,STAG,0.044314868105237
2950,STAR,0.025450978683712003
2951,STAY,0.015949153675969
2952,STBA,0.029211683232537002
2953,STC,0.021619110068979
2954,STCN,0.0
2955,STE,0.008587867322212001
2956,STFC,0.022613720057412003
2957,STI,
2958,STIM,0.0
2959,STKS,0.0
2960,STL,0.013147894385140002
2961,STLD,0.024198879454479003
2962,STML,
2963,STMP,0.0
2964,STND,0.026692924366184003
2965,STOR,0.042889960514656
2966,STRA,0.025250325331043003
2967,STRL,0.0
2968,STRM,0.0
2969,STRS,0.0
2970,STRT,0.0024398745311260002
2971,STT,0.028576538425309002
2972,STWD,0.08336950621903601
2973,STX,0.035199239498472
2974,STXB,0.007878826389712
2975,STZ,0.010015784186828
2976,SUI,0.020552693372499
2977,SUM,0.0
2978,SUMR,0.0
2979,SUNW,0.0
2980,SUP,0.0
2981,SUPN,0.0
2982,SVBI,0.019792073870981003
2983,SVMK,0.0
2984,SVRA,0.0
2985,SVT,0.0
2986,SWAV,0.0
2987,SWCH,0.008703163273909001
2988,SWK,0.015780339658247003
2989,SWKS,0.01263592516981
2990,SWM,0.037729629640502006
2991,SWN,0.0
2992,SWX,0.03473056891154
2993,SXC,0.037058724566777
2994,SXI,0.009610580565712
2995,SXT,0.019735104935241003
2996,SYBT,0.021868167445419
2997,SYBX,0.0
2998,SYF,0.022850372604288002
2999,SYK,0.009688185936679
3000,SYKE,0.0
3001,SYMC,
3002,SYN,0.0
3003,SYNA,0.0
3004,SYNC,0.0
3005,SYNH,0.0
3006,SYNL,0.0
3007,SYPR,0.0
3008,SYRS,0.0
3009,SYX,0.011895449120577
3010,SYY,0.023228784290404002
3011,T,0.06985727501776401
3012,TACO,0.003980099413525001
3013,TACT,0.0
3014,TAIT,0.032697488949213004
3015,TALO,0.0
3016,TAP,0.012837837676744
3017,TAST,0.0
3018,TAT,0.0
3019,TAYD,0.0
3020,TBBK,0.0
3021,TBI,0.0
3022,TBIO,0.0
3023,TBK,0.0
3024,TBNK,0.036959791752578006
3025,TBPH,0.0
3026,TCBI,0.0
3027,TCBK,0.021106108354627003
3028,TCDA,0.0
3029,TCF,0.030848980193669003
3030,TCFC,0.017513654745418
3031,TCI,0.0
3032,TCMD,0.0
3033,TCO,0.015701326167037
3034,TCON,0.0
3035,TCS,0.0
3036,TDC,0.0
3037,TDG,0.0
3038,TDOC,0.0
3039,TDS,0.034372116468952
3040,TDW,0.0
3041,TDY,0.0
3042,TECD,0.0
3043,TECH,0.003281086387548
3044,TEL,0.014431118622415001
3045,TELL,0.0
3046,TEN,0.0
3047,TENB,0.0
3048,TENX,0.0
3049,TER,0.00280162155386
3050,TERP,
3051,TESS,0.0
3052,TEUM,0.0
3053,TEX,0.002952029454312
3054,TFSL,0.055906820911155
3055,TFX,0.0034784439908040004
3056,TG,0.030998372041906003
3057,TGEN,0.0
3058,TGI,0.0027739250420200003
3059,TGLS,0.014906237800001
3060,TGNA,0.015400141154761002
3061,TGT,0.014252995196758001
3062,TGTX,0.0
3063,TH,0.0
3064,THC,0.0
3065,THFF,0.024867744004723
3066,THG,0.023175990347877002
3067,THO,0.013515004866618
3068,THOR,
3069,THR,0.0
3070,THRM,0.0
3071,THS,0.0
3072,TIF,0.017524473752942003
3073,TILE,0.008124150206678001
3074,TIPT,0.030385060800215004
3075,TISI,0.0
3076,TITN,0.0
3077,TIVO,
3078,TJX,0.0038410398945670004
3079,TKR,0.015103664995877002
3080,TLF,0.0
3081,TLGT,0.0
3082,TLRA,
3083,TLRD,
3084,TLYS,0.0
3085,TMDX,0.0
3086,TMHC,0.0
3087,TMO,0.0018362857717960002
3088,TMP,0.027441347271482
3089,TMST,0.0
3090,TMUS,0.0
3091,TNAV,0.0
3092,TNC,0.011705934069919
3093,TNDM,0.0
3094,TNET,0.0
3095,TNXP,0.0
3096,TOCA,
3097,TOL,0.007977418622468
3098,TORC,
3099,TOWN,0.025557646763848002
3100,TOWR,
3101,TPB,0.003876569701548
3102,TPC,0.0
3103,TPCO,0.014714537963507001
3104,TPH,0.0
3105,TPHS,0.0
3106,TPIC,0.0
3107,TPR,0.008552965178927
3108,TPRE,0.0
3109,TPTX,0.0
3110,TPX,0.0
3111,TR,0.008616099176543001
3112,TRC,0.0
3113,TRCB,
3114,TRCH,0.0
3115,TRCO,
3116,TREC,0.0
3117,TREE,0.0
3118,TREX,0.0
3119,TRGP,0.013255955372364
3120,TRHC,0.0
3121,TRIP,0.0
3122,TRK,
3123,TRMB,0.0
3124,TRMK,0.030085879847063002
3125,TRN,0.023818058609831
3126,TRNO,0.019012129485031
3127,TRNS,0.0
3128,TROV,
3129,TROW,0.021898638762157002
3130,TROX,0.013884261077417002
3131,TRS,0.0
3132,TRST,0.039156829768761
3133,TRT,0.0
3134,TRTN,0.036885706510609004
3135,TRTX,0.12548962797219002
3136,TRU,0.003356404206391
3137,TRUP,0.0
3138,TRV,0.022866089092140003
3139,TRVN,0.0
3140,TRWH,
3141,TRXC,0.0
3142,TSBK,0.029487747259278003
3143,TSC,0.0
3144,TSCO,0.009707767107122001
3145,TSE,0.0201116992764
3146,TSLA,0.0
3147,TSN,0.025001695655189
3148,TSQ,0.0071157498083710006
3149,TSS,
3150,TTC,0.010137484677066001
3151,TTD,0.0
3152,TTEC,0.008532484637146
3153,TTEK,0.004742365117046001
3154,TTGT,0.0
3155,TTI,0.0
3156,TTMI,0.0
3157,TTNP,0.0
3158,TTOO,0.0
3159,TTPH,
3160,TTS,0.0
3161,TTWO,0.0
3162,TUES,
3163,TUP,0.0
3164,TUSK,0.0
3165,TVTY,0.0
3166,TW,0.004617604514393
3167,TWI,0.0006082724924860001
3168,TWIN,0.0
3169,TWLO,0.0
3170,TWMC,
3171,TWNK,0.0
3172,TWO,0.06989843508285601
3173,TWOU,0.0
3174,TWST,0.0
3175,TWTR,0.0
3176,TXMD,0.0
3177,TXN,0.021329794608263
3178,TXRH,0.0040950974212840005
3179,TXT,0.001573370723302
3180,TYL,0.0
3181,TYME,0.0
3182,TYPE,
3183,TZOO,0.0
3184,UA,0.0
3185,UAA,0.0
3186,UAL,0.0
3187,UAMY,0.0
3188,UBA,0.039913722710006004
3189,UBCP,0.040738572416292
3190,UBER,0.0
3191,UBFO,0.060232103945197006
3192,UBNK,
3193,UBOH,0.021123263757235
3194,UBSI,0.037827107626273004
3195,UCBI,0.021540679851137
3196,UCFC,
3197,UCTT,0.0
3198,UDR,0.033354183895899
3199,UE,0.012998550892485
3200,UEC,0.0
3201,UEIC,0.0
3202,UFAB,0.0
3203,UFCS,0.038094926853498
3204,UFI,0.0
3205,UFPI,0.008278364328786
3206,UFPT,0.0
3207,UFS,0.012730834166564
3208,UG,0.029293199085422002
3209,UGI,0.032165951739333
3210,UHAL,0.0
3211,UHS,0.0015423768256360001
3212,UHT,0.044113273551542
3213,UI,0.004317872614039001
3214,UIHC,0.040204919783578
3215,UIS,0.0
3216,ULBI,0.0
3217,ULH,0.008758042163062
3218,ULTA,0.0
3219,UMBF,0.015335811799611002
3220,UMH,0.043646905031582
3221,UMPQ,0.048725375560125
3222,UNAM,0.0
3223,UNB,0.04700581930670401
3224,UNF,0.0041659137968530005
3225,UNFI,0.0
3226,UNH,0.014797715069006002
3227,UNIT,0.046096298652029
3228,UNM,0.043580984849758
3229,UNP,0.018487213086646002
3230,UNT,
3231,UNTY,0.016572456442412002
3232,UNVR,0.0
3233,UONE,0.0
3234,UONEK,0.0
3235,UPLD,0.0
3236,UPS,0.031103864412220003
3237,UPWK,0.0
3238,URBN,0.0
3239,URI,0.0
3240,UROV,0.0
3241,USAK,0.0
3242,USAP,0.0
3243,USAT,0.0
3244,USB,0.033067834485675004
3245,USCR,0.0
3246,USD,0.00110484711999
3247,USEG,0.0
3248,USFD,0.0
3249,USIO,0.0
3250,USLM,0.004565849873645
3251,USM,0.0
3252,USNA,0.0
3253,USPH,0.0023398654054360003
3254,USWS,0.0
3255,USX,0.0
3256,UTHR,0.0
3257,UTI,0.0
3258,UTL,0.034423307009264
3259,UTMD,0.012565390324193002
3260,UTX,
3261,UUU,0.0
3262,UVE,0.047367297353494
3263,UVSP,0.032069573114669
3264,UVV,0.058741876914264
3265,V,0.006043184595593
3266,VAC,0.0034604294870720005
3267,VAL,
3268,VALU,0.027248776336465
3269,VAPO,0.0
3270,VAR,0.0
3271,VBFC,0.0
3272,VBIV,0.0
3273,VBTX,0.02313484179611
3274,VC,0.0
3275,VCEL,0.0
3276,VCRA,0.0
3277,VCTR,0.009539050968511001
3278,VCYT,0.0
3279,VEC,0.0
3280,VECO,0.0
3281,VEEV,0.0
3282,VER,0.049430158221580006
3283,VERI,0.0
3284,VERU,0.0
3285,VFC,0.023781726835911003
3286,VG,0.0
3287,VGR,0.055078462882721
3288,VHC,0.0
3289,VIA,
3290,VIAB,
3291,VIAV,0.0
3292,VICI,0.044020363834499004
3293,VICL,
3294,VICR,0.0
3295,VIRC,0.0
3296,VIRT,0.033789686283864
3297,VISI,
3298,VISL,0.0
3299,VIVO,0.0
3300,VKTX,0.0
3301,VLGEA,0.042873464263638
3302,VLO,0.053472487503300005
3303,VLY,0.035600915559113
3304,VMC,0.008240538084057001
3305,VMI,0.0077427768426200005
3306,VMW,0.0
3307,VNCE,0.0
3308,VNDA,0.0
3309,VNE,0.0
3310,VNO,0.059015899039107006
3311,VNRX,0.0
3312,VNTR,0.0
3313,VOXX,0.0
3314,VOYA,0.010226379593884
3315,VPG,0.0
3316,VRA,0.0
3317,VRAY,0.0
3318,VREX,0.0
3319,VRML,
3320,VRNS,0.0
3321,VRNT,0.0
3322,VRRM,0.0
3323,VRS,0.021596714930970002
3324,VRSK,0.005657117505852001
3325,VRSN,0.0
3326,VRTS,0.011988801246782001
3327,VRTU,0.0
3328,VRTV,0.0
3329,VRTX,0.0
3330,VSAT,0.0
3331,VSEC,0.009532557662113
3332,VSH,0.015952119306913003
3333,VSI,
3334,VSLR,
3335,VSM,
3336,VST,0.023316405719683003
3337,VSTM,0.0
3338,VSTO,0.0
3339,VTNR,0.0
3340,VTR,0.040167499619066
3341,VTVT,0.0
3342,VUZI,0.0
3343,VVI,0.002577984054914
3344,VVUS,
3345,VVV,0.018257483863677003
3346,VXRT,0.0
3347,VYGR,0.0
3348,VZ,0.08597376339329
3349,W,0.0
3350,WAAS,
3351,WAB,0.006474475407824001
3352,WABC,0.027052142817721003
3353,WAFD,0.029130235106413
3354,WAIR,
3355,WAL,0.011283506414827001
3356,WASH,0.043172606387097
3357,WAT,0.0
3358,WATT,0.0
3359,WBA,0.037475065814933005
3360,WBC,
3361,WBS,0.030354665834084003
3362,WBT,0.0
3363,WCC,0.0
3364,WCG,
3365,WD,0.015308701653445
3366,WDAY,0.0
3367,WDC,0.00725900116144
3368,WDFC,0.008496126332501
3369,WDR,0.03912179761203
3370,WEBK,
3371,WEC,0.03061584190002
3372,WELL,0.035150003450108006
3373,WEN,0.013970644841625001
3374,WERN,0.008246555457081
3375,WETF,0.02066887530925
3376,WEX,0.0
3377,WEYS,0.05202403674991601
3378,WFC,0.021224110386063002
3379,WGO,0.006399001323647
3380,WH,0.008791003076035
3381,WHD,0.011991215750411
3382,WHG,0.025249560020702003
3383,WHLM,0.0
3384,WHLR,0.0
3385,WHR,0.02455833415394
3386,WIFI,0.0
3387,WINA,0.004458700452120001
3388,WING,0.0034612357071820005
3389,WIRE,0.0011942345549910002
3390,WK,0.0
3391,WKHS,0.0
3392,WLDN,0.0
3393,WLFC,0.0
3394,WLH,
3395,WLK,0.012109827508558001
3396,WLL,0.0
3397,WLTW,0.012162028704021001
3398,WM,0.019390330973048
3399,WMB,0.0687263351805
3400,WMC,0.036256644315955
3401,WMGI,
3402,WMK,0.022092748636125002
3403,WMS,0.003553147776722
3404,WMT,0.015522245940042001
3405,WNC,0.018540729892047
3406,WNEB,0.026115973529810002
3407,WOR,0.015394849090564001
3408,WOW,0.0
3409,WPC,0.059672331591979
3410,WPG,0.163755458515283
3411,WPX,0.0
3412,WRB,0.006904676504988
3413,WRE,0.052808916432896
3414,WRI,0.035928540579323
3415,WRK,0.018066391369941003
3416,WRLD,0.0
3417,WRTC,0.0
3418,WSBC,0.040452126049921
3419,WSBF,0.027630576158032
3420,WSC,0.0
3421,WSFS,0.010432864104348
3422,WSM,0.015451643349706001
3423,WSO,0.028808341533194
3424,WSR,0.052152305706216005
3425,WST,0.0023431725935330002
3426,WSTG,0.033179191092515
3427,WSTL,0.0
3428,WTBA,0.037751051368232
3429,WTER,0.0
3430,WTFC,0.016580185267432
3431,WTI,0.0
3432,WTM,0.000819887183523
3433,WTR,
3434,WTRH,0.0
3435,WTS,0.0076987449095330006
3436,WTT,0.0
3437,WTTR,0.0
3438,WU,0.037087969502603006
3439,WVE,0.0
3440,WVFC,0.013073038783353001
3441,WVVI,0.0
3442,WW,0.0
3443,WWD,0.003502747399094
3444,WWE,0.010211587123369
3445,WWR,0.0
3446,WWW,0.011731639284629001
3447,WY,0.014518429750655001
3448,WYND,0.030408950072990003
3449,WYNN,0.008086689309396001
3450,WYY,0.0
3451,X,0.00223168169562
3452,XAN,0.063364056672918
3453,XBIT,0.0
3454,XEC,0.017345932531579
3455,XEL,0.027442835685009003
3456,XELA,0.0
3457,XELB,0.0
3458,XENT,0.0
3459,XERS,0.0
3460,XFOR,0.0
3461,XHR,0.015159868024281
3462,XLNX,0.008193140690134
3463,XLRN,0.0
3464,XNCR,0.0
3465,XOG,0.0
3466,XOM,0.064539803544647
3467,XOMA,0.0
3468,XON,
3469,XONE,0.0
3470,XPER,0.022797085193065003
3471,XPL,0.0
3472,XPO,0.0
3473,XRAY,0.007557268516108001
3474,XRX,0.041467124639587
3475,XSPA,0.0
3476,XTNT,0.0
3477,XXII,0.0
3478,XYL,0.013155832205211
3479,Y,0.0
3480,YELP,0.0
3481,YETI,0.0
3482,YEXT,0.0
3483,YMAB,0.0
3484,YORW,0.016853294865517
3485,YRCW,0.0
3486,YTEN,0.0
3487,YUM,0.018042616010419
3488,YUMA,
3489,Z,0.0
3490,ZAGG,0.0
3491,ZAYO,
3492,ZBH,0.006111561008261
3493,ZBRA,0.0
3494,ZDGE,0.0
3495,ZEN,0.0
3496,ZEUS,0.004905436487109001
3497,ZFGN,
3498,ZG,0.0
3499,ZGNX,0.0
3500,ZION,0.026000402723044002
3501,ZIOP,0.0
3502,ZIXI,0.0
3503,ZM,0.0
3504,ZN,
3505,ZNGA,0.0
3506,ZS,0.0
3507,ZSAN,0.0
3508,ZTS,0.0053076272155670005
3509,ZUMZ,0.0
3510,ZUO,0.0
3511,ZVO,0.0
3512,ZYNE,0.0
3513,ZYXI,0.0
3514,TRUE,0.0
